[  
   {  
      "modified":"2003-02-20",
      "name":"Amber Dry Extract",
      "origin":"USA",
      "type":"dryExtract",
      "color":12.5,
      "yield":0.95,
      "lateExtract":0.0,
      
      
      "coarseFineDifference":0.015,
      "moisture":0.04,
      "diasticPower":120.0,
      "protein":0.117,
      "addAfterBoil":false,
      "recommendMash":false,
      "maxInBatch":1.0,
      "notes":"Amber colored dry malt extract, for general purpose use. Use in any medium to dark colored beer. Examples: Ales, Marzens, Amber Ale, India Pale Ale",
      "boilTime":60
   },
   {  
      "modified":"2003-02-20",
      "name":"Amber Liquid Extract",
      "origin":"USA",
      "type":"liquidExtract",
      "color":12.5,
      "yield":0.78,
      "lateExtract":0.0,
      
      
      "coarseFineDifference":0.015,
      "moisture":0.04,
      "diasticPower":120.0,
      "protein":0.117,
      "addAfterBoil":false,
      "recommendMash":false,
      "maxInBatch":1.0,
      "notes":"Unhopped amber color liquid extract. Use as a base malt for any Ale. Examples: Amber ale, India Pale Ale, Munich style, Marzen, Bock",
      "boilTime":60
   },
   {  
      "modified":"2003-02-20",
      "name":"Barley Hulls",
      "origin":"USA",
      "type":"hull",
      "color":0.0,
      "yield":0.0,
      "lateExtract":0.0,
      
      
      "coarseFineDifference":0.015,
      "moisture":0.04,
      "diasticPower":120.0,
      "protein":0.117,
      "addAfterBoil":false,
      "recommendMash":false,
      "maxInBatch":0.050,
      "notes":"Hulls are introduced to improve the speed of lautering when making high gravity or high adjunct beers. Hulls are neutral in flavor, body and color, and are inert Good for wheat beers, Wits, and others that have high protein mashes.",
      "boilTime":60
   },
   {  
      "modified":"2003-03-02",
      "name":"Barley, Torrefied",
      "origin":"USA",
      "type":"malt",
      "color":1.7,
      "yield":0.79,
      "lateExtract":0.0,
      
      
      "coarseFineDifference":0.015,
      "moisture":0.04,
      "diasticPower":0.0,
      "protein":0.160,
      "addAfterBoil":false,
      "recommendMash":true,
      "maxInBatch":0.40,
      "notes":"Raw barley that has been \"popped\" open to open kernels Used in place of raw barley for faster conversion and higher yields. High in haze producing protein",
      "boilTime":60
   },
   {  
      "modified":"2003-02-20",
      "name":"Black (Patent) Malt",
      "origin":"USA",
      "type":"malt",
      "color":500.0,
      "yield":0.55,
      "lateExtract":0.0,
      
      
      "coarseFineDifference":0.015,
      "moisture":0.06,
      "diasticPower":0.0,
      "protein":0.132,
      "addAfterBoil":false,
      "recommendMash":false,
      "maxInBatch":0.10,
      "notes":"Dark color and dry roasted flavor characteristic of Stouts and Porters Use for: Coloring in small amounts, or flavoring of Stouts and Porters in larger amounts.",
      "boilTime":60
   },
   {  
      "modified":"2003-02-22",
      "name":"Black Barley (Stout)",
      "origin":"USA",
      "type":"malt",
      "color":500.0,
      "yield":0.55,
      "lateExtract":0.0,
      
      
      "coarseFineDifference":0.015,
      "moisture":0.05,
      "diasticPower":0.0,
      "protein":0.132,
      "addAfterBoil":false,
      "recommendMash":false,
      "maxInBatch":0.10,
      "notes":"Unmalted barley roasted at high temperature to create a dry, coffee like flavor. Imparts a sharp acrid flavor characteristic of dry stouts. Gives \"dryness\" to a stout or porter -- much more so than regular Roasted Barley",
      "boilTime":60
   },
   {  
      "modified":"2003-03-19",
      "name":"Brown Sugar, Dark",
      "origin":"USA",
      "type":"sugar",
      "color":50.0,
      "yield":1.0,
      "lateExtract":0.0,
      
      
      "coarseFineDifference":0.015,
      "moisture":0.04,
      "diasticPower":120.0,
      "protein":0.117,
      "addAfterBoil":false,
      "recommendMash":false,
      "maxInBatch":0.10,
      "notes":"Imparts a rich sweet flavor. Used in Scottish ales, holiday ales and some old ales.",
      "boilTime":60
   },
   {  
      "modified":"2003-03-19",
      "name":"Brown Sugar, Light",
      "origin":"USA",
      "type":"sugar",
      "color":8.0,
      "yield":1.0,
      "lateExtract":0.0,
      
      
      "coarseFineDifference":0.015,
      "moisture":0.04,
      "diasticPower":120.0,
      "protein":0.117,
      "addAfterBoil":false,
      "recommendMash":false,
      "maxInBatch":0.10,
      "notes":"Imparts a rich sweet flavor. Used in Scottish ales, holiday ales and some old ales.",
      "boilTime":60
   },
   {  
      "modified":"2003-03-19",
      "name":"Candi Sugar, Amber",
      "origin":"Belgien",
      "type":"sugar",
      "color":75.0,
      "yield":0.783,
      "lateExtract":0.0,
      
      
      "coarseFineDifference":0.015,
      "moisture":0.04,
      "diasticPower":120.0,
      "protein":0.117,
      "addAfterBoil":false,
      "recommendMash":false,
      "maxInBatch":0.20,
      "notes":"Crystalized Candi Sugar (Sucrose) used in many Belgian Tripels, Dubbels, and holiday ales.  Adds head retention and sweet aroma to beer.  Darker variants also add color.",
      "boilTime":60
   },
   {  
      "modified":"2003-03-19",
      "name":"Candi Sugar, Clear",
      "origin":"Belgien",
      "type":"sugar",
      "color":0.5,
      "yield":0.783,
      "lateExtract":0.0,
      
      
      "coarseFineDifference":0.015,
      "moisture":0.04,
      "diasticPower":120.0,
      "protein":0.117,
      "addAfterBoil":false,
      "recommendMash":false,
      "maxInBatch":0.20,
      "notes":"Crystalized Candi Sugar (Sucrose) used in many Belgian Tripels, Dubbels, and holiday ales.  Adds head retention and sweet aroma to beer.  Darker variants also add color.",
      "boilTime":60
   },
   {  
      "modified":"2003-03-19",
      "name":"Candi Sugar, Dark",
      "origin":"Belgien",
      "type":"sugar",
      "color":275.0,
      "yield":0.783,
      "lateExtract":0.0,
      
      
      "coarseFineDifference":0.015,
      "moisture":0.04,
      "diasticPower":120.0,
      "protein":0.117,
      "addAfterBoil":false,
      "recommendMash":false,
      "maxInBatch":0.20,
      "notes":"Crystalized Candi Sugar (Sucrose) used in many Belgian Tripels, Dubbels, and holiday ales.  Adds head retention and sweet aroma to beer.  Darker variants also add color.",
      "boilTime":60
   },
   {  
      "modified":"2003-02-20",
      "name":"Cane (Beet) Sugar",
      "origin":"USA",
      "type":"sugar",
      "color":0.0,
      "yield":1.0,
      "lateExtract":0.0,
      
      
      "coarseFineDifference":0.015,
      "moisture":0.04,
      "diasticPower":120.0,
      "protein":0.117,
      "addAfterBoil":false,
      "recommendMash":false,
      "maxInBatch":0.070,
      "notes":"Common household baking sugar. Lightens flavor and body of beer. Can contribute a cider-like flavor to the beer if not cold-fermented or used in large quantities.",
      "boilTime":60
   },
   {  
      "modified":"2003-06-26",
      "name":"Cara-Pils/Dextrine",
      "origin":"USA",
      "type":"malt",
      "color":2.0,
      "yield":0.72,
      "lateExtract":0.0,
      
      
      "coarseFineDifference":0.015,
      "moisture":0.04,
      "diasticPower":0.0,
      "protein":0.132,
      "addAfterBoil":false,
      "recommendMash":false,
      "maxInBatch":0.20,
      "notes":"Significantly increases foam/head retention and body of the beer. Also sold under the names \"Dextrine\" and \"Cara-Foam\"",
      "boilTime":60
   },
   {  
      "modified":"2003-06-26",
      "name":"Caraamber",
      "origin":"USA",
      "type":"malt",
      "color":30.0,
      "yield":0.75,
      "lateExtract":0.0,
      
      
      "coarseFineDifference":0.015,
      "moisture":0.04,
      "diasticPower":0.0,
      "protein":0.132,
      "addAfterBoil":false,
      "recommendMash":false,
      "maxInBatch":0.20,
      "notes":"Adds body, color and improves head retention. Also called \"Crystal\" malt.",
      "boilTime":60
   },
   {  
      "modified":"2003-11-24",
      "name":"Caraaroma",
      "origin":"Tyskland",
      "supplier":"Wyermann",
      "type":"malt",
      "color":130.0,
      "yield":0.75,
      "lateExtract":0.0,
      
      
      "coarseFineDifference":0.015,
      "moisture":0.04,
      "diasticPower":0.0,
      "protein":0.117,
      "addAfterBoil":false,
      "recommendMash":false,
      "maxInBatch":0.150,
      "notes":"Very dark crystal malt - similar to a crystal 120 or Caramunich 120 malt.  Adds strong caramel flavor, red color, and malty aroma.",
      "boilTime":60
   },
   {  
      "modified":"2004-10-15",
      "name":"Carafa I",
      "origin":"Tyskland",
      "supplier":"Weyermann",
      "type":"malt",
      "color":337.0,
      "yield":0.7,
      "lateExtract":0.0,
      
      
      "coarseFineDifference":0.015,
      "moisture":0.04,
      "diasticPower":0.0,
      "protein":0.117,
      "addAfterBoil":false,
      "recommendMash":false,
      "maxInBatch":0.050,
      "notes":"Used to intensify aroma and color in dark, Munich beers and stouts.",
      "boilTime":60
   },
   {  
      "modified":"2004-10-15",
      "name":"Carafa II",
      "origin":"Tyskland",
      "supplier":"Weyermann",
      "type":"malt",
      "color":412.0,
      "yield":0.7,
      "lateExtract":0.0,
      
      
      "coarseFineDifference":0.015,
      "moisture":0.04,
      "diasticPower":0.0,
      "protein":0.117,
      "addAfterBoil":false,
      "recommendMash":false,
      "maxInBatch":0.050,
      "notes":"Used to intensify aroma and color in dark, Munich beers and stouts.",
      "boilTime":60
   },
   {  
      "modified":"2004-03-31",
      "name":"Carafa III",
      "origin":"Tyskland",
      "supplier":"Weyermann",
      "type":"malt",
      "color":525.0,
      "yield":0.7,
      "lateExtract":0.0,
      
      
      "coarseFineDifference":0.015,
      "moisture":0.04,
      "diasticPower":0.0,
      "protein":0.117,
      "addAfterBoil":false,
      "recommendMash":false,
      "maxInBatch":0.050,
      "notes":"Dark color and aroma - used in some German beers",
      "boilTime":60
   },
   {  
      "modified":"2003-06-26",
      "name":"Carafoam",
      "origin":"USA",
      "type":"malt",
      "color":2.0,
      "yield":0.72,
      "lateExtract":0.0,
      
      
      "coarseFineDifference":0.015,
      "moisture":0.04,
      "diasticPower":0.0,
      "protein":0.132,
      "addAfterBoil":false,
      "recommendMash":false,
      "maxInBatch":0.20,
      "notes":"Significantly increases foam/head retention and body of the beer. Also sold under the names \"Dextrine\" and \"Cara-Pils (TM)\"",
      "boilTime":60
   },
   {  
      "modified":"2004-10-12",
      "name":"Caramel Wheat Malt",
      "origin":"Tyskland",
      "supplier":"Wyermann",
      "type":"malt",
      "color":46.0,
      "yield":0.75,
      "lateExtract":0.0,
      
      
      "coarseFineDifference":0.015,
      "moisture":0.04,
      "diasticPower":0.0,
      "protein":0.100,
      "addAfterBoil":false,
      "recommendMash":false,
      "maxInBatch":0.150,
      "notes":"Caramel wheat malt - emphasizes wheat malt aroma and adds color to the beer.  Popular for Dunkelweizens.  Also known as Carawheat -- which is a registered trademark of Wyermann Malting.",
      "boilTime":60
   },
   {  
      "modified":"2003-03-02",
      "name":"Caramel/Crystal Malt - 10L",
      "origin":"USA",
      "type":"malt",
      "color":10.0,
      "yield":0.75,
      "lateExtract":0.0,
      
      
      "coarseFineDifference":0.015,
      "moisture":0.04,
      "diasticPower":0.0,
      "protein":0.132,
      "addAfterBoil":false,
      "recommendMash":false,
      "maxInBatch":0.20,
      "notes":"Adds body, color and improves head retention. Also called \"Crystal\" malt.",
      "boilTime":60
   },
   {  
      "modified":"2003-02-20",
      "name":"Caramel/Crystal Malt - 20L",
      "origin":"USA",
      "type":"malt",
      "color":20.0,
      "yield":0.75,
      "lateExtract":0.0,
      
      
      "coarseFineDifference":0.015,
      "moisture":0.04,
      "diasticPower":0.0,
      "protein":0.132,
      "addAfterBoil":false,
      "recommendMash":false,
      "maxInBatch":0.20,
      "notes":"Adds body, color and improves head retention. Also called \"Crystal\" malt.",
      "boilTime":60
   },
   {  
      "modified":"2003-02-20",
      "name":"Caramel/Crystal Malt - 30L",
      "origin":"USA",
      "type":"malt",
      "color":30.0,
      "yield":0.75,
      "lateExtract":0.0,
      
      
      "coarseFineDifference":0.015,
      "moisture":0.04,
      "diasticPower":0.0,
      "protein":0.132,
      "addAfterBoil":false,
      "recommendMash":false,
      "maxInBatch":0.20,
      "notes":"Adds body, color and improves head retention. Also called \"Crystal\" malt.",
      "boilTime":60
   },
   {  
      "modified":"2003-02-20",
      "name":"Caramel/Crystal Malt - 40L",
      "origin":"USA",
      "type":"malt",
      "color":40.0,
      "yield":0.74,
      "lateExtract":0.0,
      
      
      "coarseFineDifference":0.015,
      "moisture":0.04,
      "diasticPower":0.0,
      "protein":0.132,
      "addAfterBoil":false,
      "recommendMash":false,
      "maxInBatch":0.20,
      "notes":"Adds body, color and improves head retention. Also called \"Crystal\" malt.",
      "boilTime":60
   },
   {  
      "modified":"2003-02-20",
      "name":"Caramel/Crystal Malt - 60L",
      "origin":"USA",
      "type":"malt",
      "color":60.0,
      "yield":0.74,
      "lateExtract":0.0,
      
      
      "coarseFineDifference":0.015,
      "moisture":0.04,
      "diasticPower":0.0,
      "protein":0.132,
      "addAfterBoil":false,
      "recommendMash":false,
      "maxInBatch":0.20,
      "notes":"Adds body, color and improves head retention. Also called \"Crystal\" malt.",
      "boilTime":60
   },
   {  
      "modified":"2003-02-20",
      "name":"Caramel/Crystal Malt - 80L",
      "origin":"USA",
      "type":"malt",
      "color":80.0,
      "yield":0.74,
      "lateExtract":0.0,
      
      
      "coarseFineDifference":0.015,
      "moisture":0.04,
      "diasticPower":0.0,
      "protein":0.132,
      "addAfterBoil":false,
      "recommendMash":false,
      "maxInBatch":0.20,
      "notes":"Adds body, color and improves head retention. Also called \"Crystal\" malt.",
      "boilTime":60
   },
   {  
      "modified":"2003-02-20",
      "name":"Caramel/Crystal Malt -120L",
      "origin":"USA",
      "type":"malt",
      "color":120.0,
      "yield":0.72,
      "lateExtract":0.0,
      
      
      "coarseFineDifference":0.015,
      "moisture":0.04,
      "diasticPower":0.0,
      "protein":0.102,
      "addAfterBoil":false,
      "recommendMash":false,
      "maxInBatch":0.20,
      "notes":"Adds body, color and improves head retention. Also called \"Crystal\" malt.  Very Dark",
      "boilTime":60
   },
   {  
      "modified":"2003-06-26",
      "name":"Caramunich Malt",
      "origin":"Belgien",
      "type":"malt",
      "color":56.0,
      "yield":0.717,
      "lateExtract":0.0,
      
      
      "coarseFineDifference":0.015,
      "moisture":0.04,
      "diasticPower":0.0,
      "protein":0.0,
      "addAfterBoil":false,
      "recommendMash":false,
      "maxInBatch":0.10,
      "notes":"Caramel, copper colored malt.  Used in Belgian ales and German bocks.",
      "boilTime":60
   },
   {  
      "modified":"2003-06-26",
      "name":"Carared",
      "origin":"USA",
      "type":"malt",
      "color":20.0,
      "yield":0.75,
      "lateExtract":0.0,
      
      
      "coarseFineDifference":0.015,
      "moisture":0.04,
      "diasticPower":0.0,
      "protein":0.132,
      "addAfterBoil":false,
      "recommendMash":false,
      "maxInBatch":0.20,
      "notes":"Adds body, color and improves head retention. Also called \"Crystal\" malt.",
      "boilTime":60
   },
   {  
      "modified":"2003-06-26",
      "name":"Caravienne Malt",
      "origin":"Belgien",
      "type":"malt",
      "color":22.0,
      "yield":0.739,
      "lateExtract":0.0,
      
      
      "coarseFineDifference":0.015,
      "moisture":0.04,
      "diasticPower":0.0,
      "protein":0.0,
      "addAfterBoil":false,
      "recommendMash":false,
      "maxInBatch":0.10,
      "notes":"Light Belgian crystal malt.  Used in light Trappist and Abbey style Belgian ales.",
      "boilTime":60
   },
   {  
      "modified":"2003-02-20",
      "name":"Chocolate Malt",
      "origin":"USA",
      "type":"malt",
      "color":350.0,
      "yield":0.6,
      "lateExtract":0.0,
      
      
      "coarseFineDifference":0.015,
      "moisture":0.04,
      "diasticPower":0.0,
      "protein":0.132,
      "addAfterBoil":false,
      "recommendMash":false,
      "maxInBatch":0.10,
      "notes":"Dark malt that gives a rich red or brown color and nutty flavor. Use for: Brown ales, porters, some stouts Maintains some malty flavor, not as dark as roasted malt.",
      "boilTime":60
   },
   {  
      "modified":"2003-02-20",
      "name":"Chocolate Malt",
      "origin":"Storbritannien",
      "type":"malt",
      "color":450.0,
      "yield":0.73,
      "lateExtract":0.0,
      
      
      "coarseFineDifference":0.015,
      "moisture":0.04,
      "diasticPower":0.0,
      "protein":0.105,
      "addAfterBoil":false,
      "recommendMash":false,
      "maxInBatch":0.10,
      "notes":"Dark malt that gives a rich red or brown color and nutty flavor. Use for: Brown ales, porters, some stouts Maintains some malty flavor, not as dark as roasted malt.",
      "boilTime":60
   },
   {  
      "modified":"2004-10-15",
      "name":"Chocolate Rye Malt",
      "origin":"Tyskland",
      "supplier":"Weyermann",
      "type":"malt",
      "color":250.0,
      "yield":0.675,
      "lateExtract":0.0,
      
      
      "coarseFineDifference":0.015,
      "moisture":0.04,
      "diasticPower":0.0,
      "protein":0.117,
      "addAfterBoil":false,
      "recommendMash":false,
      "maxInBatch":0.050,
      "notes":"Primarily used for color and aroma in top-fermented specialty beers.",
      "boilTime":60
   },
   {  
      "modified":"2004-10-15",
      "name":"Chocolate Wheat Malt",
      "origin":"Tyskland",
      "supplier":"Weyermann",
      "type":"malt",
      "color":400.0,
      "yield":0.71,
      "lateExtract":0.0,
      
      
      "coarseFineDifference":0.015,
      "moisture":0.04,
      "diasticPower":0.0,
      "protein":0.117,
      "addAfterBoil":false,
      "recommendMash":false,
      "maxInBatch":0.050,
      "notes":"Intensifies aroma and color in top-fermented beers such as dark wheat beers.",
      "boilTime":60
   },
   {  
      "modified":"2003-06-21",
      "name":"Corn Sugar (Dextrose)",
      "origin":"USA",
      "type":"sugar",
      "color":0.0,
      "yield":1.0,
      "lateExtract":0.0,
      
      
      "coarseFineDifference":0.015,
      "moisture":0.04,
      "diasticPower":120.0,
      "protein":0.117,
      "addAfterBoil":false,
      "recommendMash":false,
      "maxInBatch":0.050,
      "notes":"Widely used for bottling at rate of approx 2/3 cup per 5 gallons of beer",
      "boilTime":60
   },
   {  
      "modified":"2003-06-14",
      "name":"Corn Syrup",
      "origin":"USA",
      "type":"sugar",
      "color":1.0,
      "yield":0.783,
      "lateExtract":0.0,
      
      
      "coarseFineDifference":0.015,
      "moisture":0.04,
      "diasticPower":120.0,
      "protein":0.117,
      "addAfterBoil":false,
      "recommendMash":false,
      "maxInBatch":0.10,
      "notes":"Syrup derived from corn with many of the same properties as corn sugar.  May be used to enhance gravity without adding much body or flavor.  Limit percentage in batch to avoid wine/cider flavors.",
      "boilTime":60
   },
   {  
      "modified":"2003-02-20",
      "name":"Dark Dry Extract",
      "origin":"USA",
      "type":"dryExtract",
      "color":17.5,
      "yield":0.95,
      "lateExtract":0.0,
      
      
      "coarseFineDifference":0.015,
      "moisture":0.04,
      "diasticPower":120.0,
      "protein":0.117,
      "addAfterBoil":false,
      "recommendMash":false,
      "maxInBatch":1.0,
      "notes":"Dark dry extract for general purpose use. Use as base or to increase gravity of any dark ale or lager.",
      "boilTime":60
   },
   {  
      "modified":"2003-02-20",
      "name":"Dark Liquid Extract",
      "origin":"USA",
      "type":"liquidExtract",
      "color":17.5,
      "yield":0.78,
      "lateExtract":0.0,
      
      
      "coarseFineDifference":0.015,
      "moisture":0.04,
      "diasticPower":120.0,
      "protein":0.117,
      "addAfterBoil":false,
      "recommendMash":false,
      "maxInBatch":1.0,
      "notes":"Unhopped dark liquid extract. Use as a base malt for any dark beer. Examples: Porter, Brown ale, Bock, Oktoberfest, Stouts",
      "boilTime":60
   },
   {  
      "modified":"2003-02-20",
      "name":"Dememera Sugar",
      "origin":"Storbritannien",
      "type":"sugar",
      "color":2.0,
      "yield":1.0,
      "lateExtract":0.0,
      
      
      "coarseFineDifference":0.015,
      "moisture":0.04,
      "diasticPower":120.0,
      "protein":0.117,
      "addAfterBoil":false,
      "recommendMash":false,
      "maxInBatch":0.10,
      "notes":"Dark, unrefined brown sugar that contains molasses and other dark impurities.  Great for brown ales and porters.  Adds slight sweetness and smooth character.",
      "boilTime":60
   },
   {  
      "modified":"2003-06-14",
      "name":"Extra Light Dry Extract",
      "origin":"USA",
      "type":"dryExtract",
      "color":3.0,
      "yield":0.95,
      "lateExtract":0.0,
      
      
      "coarseFineDifference":0.015,
      "moisture":0.04,
      "diasticPower":120.0,
      "protein":0.117,
      "addAfterBoil":false,
      "recommendMash":false,
      "maxInBatch":1.0,
      "notes":"Very light color dry malt extract for general purpose use. Use as base or to increase gravity of any ale or lager.",
      "boilTime":60
   },
   {  
      "modified":"2003-03-19",
      "name":"Grits",
      "origin":"USA",
      "type":"hull",
      "color":1.0,
      "yield":0.8,
      "lateExtract":0.0,
      
      
      "coarseFineDifference":0.015,
      "moisture":0.04,
      "diasticPower":0.0,
      "protein":0.0,
      "addAfterBoil":false,
      "recommendMash":false,
      "maxInBatch":0.10,
      "notes":"Imparts a corn or grain taste.  Mash required. Used to increase gravity of American lagers.",
      "boilTime":60
   },
   {  
      "modified":"2003-10-18",
      "name":"Honey",
      "origin":"USA",
      "type":"sugar",
      "color":1.0,
      "yield":0.75,
      "lateExtract":0.0,
      
      
      "coarseFineDifference":0.015,
      "moisture":0.04,
      "diasticPower":120.0,
      "protein":0.117,
      "addAfterBoil":true,
      "recommendMash":false,
      "maxInBatch":1.0,
      "notes":"Can be used to lighten flavor and body when substituted for malt. Generally limit to 30% when used as an adjunct. Pasturize and add to primary during fermentation. Use up to 100% for meads.",
      "boilTime":60
   },
   {  
      "modified":"2003-03-19",
      "name":"Invert Sugar",
      "origin":"Storbritannien",
      "type":"sugar",
      "color":0.0,
      "yield":1.0,
      "lateExtract":0.0,
      
      
      "coarseFineDifference":0.015,
      "moisture":0.04,
      "diasticPower":120.0,
      "protein":0.117,
      "addAfterBoil":false,
      "recommendMash":false,
      "maxInBatch":0.10,
      "notes":"Used to increase starting gravity and also as an adjunct for some Belgian and English ales.",
      "boilTime":60
   },
   {  
      "modified":"2003-02-20",
      "name":"Light Dry Extract",
      "origin":"USA",
      "type":"dryExtract",
      "color":8.0,
      "yield":0.95,
      "lateExtract":0.0,
      
      
      "coarseFineDifference":0.015,
      "moisture":0.04,
      "diasticPower":120.0,
      "protein":0.117,
      "addAfterBoil":false,
      "recommendMash":false,
      "maxInBatch":1.0,
      "notes":"Pale dry malt extract for general purpose use. Use as base or to increase gravity of any full bodied ale or lager.",
      "boilTime":60
   },
   {  
      "modified":"2003-11-24",
      "name":"Lyle's Golden Syrup",
      "origin":"Storbritannien",
      "type":"liquidExtract",
      "color":0.0,
      "yield":0.783,
      "lateExtract":0.0,
      
      
      "coarseFineDifference":0.015,
      "moisture":0.04,
      "diasticPower":120.0,
      "protein":0.117,
      "addAfterBoil":false,
      "recommendMash":false,
      "maxInBatch":0.20,
      "notes":"Liquid Invert Sugar.  Used to increase alcohol and lighten the beer without alterning flavor.  Used in Belgian ales and some English ales.",
      "boilTime":60
   },
   {  
      "modified":"2003-03-19",
      "name":"Maple Syrup",
      "origin":"USA",
      "type":"sugar",
      "color":35.0,
      "yield":0.652,
      "lateExtract":0.0,
      
      
      "coarseFineDifference":0.015,
      "moisture":0.04,
      "diasticPower":120.0,
      "protein":0.117,
      "addAfterBoil":false,
      "recommendMash":false,
      "maxInBatch":0.10,
      "notes":"If added during the boil it will add a dry, woodsy flavor. If added at bottling, the smooth maple flavor comes through.  Used for maple ales, porters, browns.",
      "boilTime":60
   },
   {  
      "modified":"2003-02-20",
      "name":"Milk Sugar (Lactose)",
      "origin":"USA",
      "type":"sugar",
      "color":0.0,
      "yield":0.761,
      "lateExtract":0.0,
      
      
      "coarseFineDifference":0.015,
      "moisture":0.04,
      "diasticPower":120.0,
      "protein":0.117,
      "addAfterBoil":false,
      "recommendMash":false,
      "maxInBatch":0.10,
      "notes":"Not fully fermentable, so it adds lasting sweetness. Lactose can be added to lend  sweetness to Sweet Stouts and Porters.",
      "boilTime":60
   },
   {  
      "modified":"2003-03-19",
      "name":"Molasses",
      "origin":"USA",
      "type":"sugar",
      "color":80.0,
      "yield":0.783,
      "lateExtract":0.0,
      
      
      "coarseFineDifference":0.015,
      "moisture":0.04,
      "diasticPower":120.0,
      "protein":0.117,
      "addAfterBoil":false,
      "recommendMash":false,
      "maxInBatch":0.050,
      "notes":"Imparts a strong, sweet flavor.  Used primarily in stouts and porters.",
      "boilTime":60
   },
   {  
      "modified":"2003-02-20",
      "name":"Pale Liquid Extract",
      "origin":"USA",
      "type":"liquidExtract",
      "color":8.0,
      "yield":0.78,
      "lateExtract":0.0,
      
      
      "coarseFineDifference":0.015,
      "moisture":0.04,
      "diasticPower":120.0,
      "protein":0.117,
      "addAfterBoil":false,
      "recommendMash":false,
      "maxInBatch":1.0,
      "notes":"Unhopped pale liquid extract. Use as a base malt for any ale or lager.",
      "boilTime":60
   },
   {  
      "modified":"2003-03-19",
      "name":"Peat Smoked Malt",
      "origin":"Storbritannien",
      "type":"malt",
      "color":2.8,
      "yield":0.74,
      "lateExtract":0.0,
      
      
      "coarseFineDifference":0.015,
      "moisture":0.04,
      "diasticPower":0.0,
      "protein":0.0,
      "addAfterBoil":false,
      "recommendMash":true,
      "maxInBatch":0.20,
      "notes":"Robust smoky malt that provides a smoky flavor.  Used in scottish ales and wee heavy ales.",
      "boilTime":60
   },
   {  
      "modified":"2003-02-20",
      "name":"Pilsner Liquid Extract",
      "origin":"USA",
      "type":"liquidExtract",
      "color":3.5,
      "yield":0.78,
      "lateExtract":0.0,
      
      
      "coarseFineDifference":0.015,
      "moisture":0.04,
      "diasticPower":120.0,
      "protein":0.117,
      "addAfterBoil":false,
      "recommendMash":false,
      "maxInBatch":1.0,
      "notes":"Unhopped pale liquid extract. Use as a base malt for any ale or lager.",
      "boilTime":60
   },
   {  
      "modified":"2003-06-14",
      "name":"Rice Extract Syrup",
      "origin":"USA",
      "type":"liquidExtract",
      "color":7.0,
      "yield":0.696,
      "lateExtract":0.0,
      
      
      "coarseFineDifference":0.015,
      "moisture":0.04,
      "diasticPower":120.0,
      "protein":0.117,
      "addAfterBoil":false,
      "recommendMash":false,
      "maxInBatch":0.150,
      "notes":"Used like other rice adjuncts in American and Japenes lagers to provide a dry, clean taste and light body.  Adds gravity without changing body or flavor substantially.  Use in place of corn sugar in small quantities.",
      "boilTime":60
   },
   {  
      "modified":"2003-02-20",
      "name":"Rice Hulls",
      "origin":"USA",
      "type":"hull",
      "color":0.0,
      "yield":0.0,
      "lateExtract":0.0,
      
      
      "coarseFineDifference":0.015,
      "moisture":0.04,
      "diasticPower":120.0,
      "protein":0.117,
      "addAfterBoil":false,
      "recommendMash":false,
      "maxInBatch":0.050,
      "notes":"Hulls are introduced to improve the speed of lautering when making high gravity or high adjunct beers. Hulls are neutral in flavor, body and color, and are inert Good for wheat beers, Wits, and others that have high protein mashes.",
      "boilTime":60
   },
   {  
      "modified":"2003-02-20",
      "name":"Roasted Barley",
      "origin":"USA",
      "type":"malt",
      "color":300.0,
      "yield":0.55,
      "lateExtract":0.0,
      
      
      "coarseFineDifference":0.015,
      "moisture":0.05,
      "diasticPower":0.0,
      "protein":0.132,
      "addAfterBoil":false,
      "recommendMash":false,
      "maxInBatch":0.10,
      "notes":"Roasted at high temperature to create a burnt, grainy, coffee like flavor. Imparts a red to deep brown color to beer, and very strong roasted flavor. Use 2-4% in Brown ales to add a nutty flavor, or 3-10% in Porters and Stouts for coffee flavor.",
      "boilTime":60
   },
   {  
      "modified":"2003-02-20",
      "name":"Rye Malt",
      "origin":"USA",
      "type":"malt",
      "color":4.7,
      "yield":0.63,
      "lateExtract":0.0,
      
      
      "coarseFineDifference":0.015,
      "moisture":0.04,
      "diasticPower":75.0,
      "protein":0.103,
      "addAfterBoil":false,
      "recommendMash":true,
      "maxInBatch":0.150,
      "notes":"Adds a dry, crisp character to the beer.   Yields a deep red color, and a distinctive rye flavor Must limit to 10-15% fo the mash as it tends to produce \"stuck\" mashes.",
      "boilTime":60
   },
   {  
      "modified":"2003-03-19",
      "name":"Rye, Flaked",
      "origin":"USA",
      "type":"malt",
      "color":2.0,
      "yield":0.783,
      "lateExtract":0.0,
      
      
      "coarseFineDifference":0.015,
      "moisture":0.04,
      "diasticPower":0.0,
      "protein":0.0,
      "addAfterBoil":false,
      "recommendMash":true,
      "maxInBatch":0.10,
      "notes":"Imparts a dry, crisp rye flavor to rye beers.  Can be easier to mash than raw rye.",
      "boilTime":60
   },
   {  
      "modified":"2003-06-26",
      "name":"Smoked Malt",
      "origin":"Tyskland",
      "type":"malt",
      "color":9.0,
      "yield":0.8,
      "lateExtract":0.0,
      
      
      "coarseFineDifference":0.015,
      "moisture":0.04,
      "diasticPower":0.0,
      "protein":0.115,
      "addAfterBoil":false,
      "recommendMash":true,
      "maxInBatch":1.0,
      "notes":"Malt that has been smoked over an open fire. Creates a distinctive \"smoked\" flavor and aroma. Used primarily for German Rauchbier but can also be added to Brown Ales and Porters.",
      "boilTime":60
   },
   {  
      "modified":"2003-03-19",
      "name":"Special B Malt",
      "origin":"Belgien",
      "type":"malt",
      "color":180.0,
      "yield":0.652,
      "lateExtract":0.0,
      
      
      "coarseFineDifference":0.015,
      "moisture":0.04,
      "diasticPower":0.0,
      "protein":0.0,
      "addAfterBoil":false,
      "recommendMash":true,
      "maxInBatch":0.10,
      "notes":"Extreme caramel aroma and flavored malt.  Used in dark Belgian Abbey and Trappist ales.  Unique flavor and aroma.",
      "boilTime":60
   },
   {  
      "modified":"2003-03-19",
      "name":"Sugar, Table (Sucrose)",
      "origin":"USA",
      "type":"sugar",
      "color":1.0,
      "yield":1.0,
      "lateExtract":0.0,
      
      
      "coarseFineDifference":0.015,
      "moisture":0.04,
      "diasticPower":120.0,
      "protein":0.117,
      "addAfterBoil":false,
      "recommendMash":false,
      "maxInBatch":0.10,
      "notes":"White table sugar, or sucrose primarily is used to increase alcohol. Using too much will add a cider flavor to beer.",
      "boilTime":60
   },
   {  
      "modified":"2003-11-24",
      "name":"Treacle",
      "origin":"Storbritannien",
      "type":"liquidExtract",
      "color":100.0,
      "yield":0.783,
      "lateExtract":0.0,
      
      
      "coarseFineDifference":0.015,
      "moisture":0.04,
      "diasticPower":120.0,
      "protein":0.117,
      "addAfterBoil":false,
      "recommendMash":false,
      "maxInBatch":0.150,
      "notes":"UK mixture of molasses, invert sugar and golden (corn) syrup.  Imparts an intense sweet flavor and dark color.  Used in dark English ales.  Also called \"Black Treacle\" or the brand name \"Lyle's Black Treacle Syrup.\"",
      "boilTime":60
   },
   {  
      "modified":"2003-06-14",
      "name":"Turbinado",
      "origin":"Storbritannien",
      "type":"sugar",
      "color":10.0,
      "yield":0.957,
      "lateExtract":0.0,
      
      
      "coarseFineDifference":0.015,
      "moisture":0.04,
      "diasticPower":120.0,
      "protein":0.117,
      "addAfterBoil":false,
      "recommendMash":false,
      "maxInBatch":0.10,
      "notes":"Light, raw brown sugar.  May be used in British pale ales or high gravity Belgian ales.  Limit percentage used to avoid undesirable flavors.  Similar to Demerara sugar.",
      "boilTime":60
   },
   {  
      "modified":"2003-02-20",
      "name":"Wheat Dry Extract",
      "origin":"USA",
      "type":"dryExtract",
      "color":8.0,
      "yield":0.95,
      "lateExtract":0.0,
      
      
      "coarseFineDifference":0.015,
      "moisture":0.04,
      "diasticPower":120.0,
      "protein":0.117,
      "addAfterBoil":false,
      "recommendMash":false,
      "maxInBatch":1.0,
      "notes":"Wheat based dry extract for use in all wheat beers. Use as base or to increase gravity of any wheat beer. Examples: Weizen, weiss, wheat ales and lagers",
      "boilTime":60
   },
   {  
      "modified":"2003-02-20",
      "name":"Wheat Liquid Extract",
      "origin":"USA",
      "type":"liquidExtract",
      "color":8.0,
      "yield":0.78,
      "lateExtract":0.0,
      
      
      "coarseFineDifference":0.015,
      "moisture":0.04,
      "diasticPower":120.0,
      "protein":0.117,
      "addAfterBoil":false,
      "recommendMash":false,
      "maxInBatch":1.0,
      "notes":"Unhopped Wheat liquid malt extract. Contains approx 60% Wheat, 40% Barley. Use for Bavarian wheats, weizens, weiss and dunkel weizen styles.",
      "boilTime":60
   },
   {  
      "modified":"2003-06-26",
      "name":"Munich Malt",
      "origin":"Tyskland",
      "type":"malt",
      "color":9.0,
      "yield":0.8,
      "lateExtract":0.0,
      
      
      "coarseFineDifference":0.013,
      "moisture":0.05,
      "diasticPower":72.0,
      "protein":0.115,
      "addAfterBoil":false,
      "recommendMash":true,
      "maxInBatch":0.80,
      "notes":"Malty-sweet flavor characteristic and adds a reddish amber color to the beer. Does not contribute signficantly to body or head retention. Use for: Bock, Porter, Marzen, Oktoberfest beers",
      "boilTime":60,
      "convertGrain":"Amber Liquid Extract"
   },
   {  
      "modified":"2003-06-26",
      "name":"Munich Malt - 10L",
      "origin":"USA",
      "type":"malt",
      "color":10.0,
      "yield":0.77,
      "lateExtract":0.0,
      
      
      "coarseFineDifference":0.028,
      "moisture":0.05,
      "diasticPower":50.0,
      "protein":0.135,
      "addAfterBoil":false,
      "recommendMash":true,
      "maxInBatch":0.80,
      "notes":"Malty-sweet flavor characteristic and adds a slight orange color to the beer. Does not contribute signficantly to body or head retention. Use for: Bock, Porter, Marzen, Oktoberfest beers",
      "boilTime":60,
      "convertGrain":"Amber Liquid Extract"
   },
   {  
      "modified":"2003-06-26",
      "name":"Munich Malt - 20L",
      "origin":"USA",
      "type":"malt",
      "color":20.0,
      "yield":0.75,
      "lateExtract":0.0,
      
      
      "coarseFineDifference":0.028,
      "moisture":0.05,
      "diasticPower":25.0,
      "protein":0.135,
      "addAfterBoil":false,
      "recommendMash":true,
      "maxInBatch":0.80,
      "notes":"Malty-sweet flavor characteristic and adds a orange to deep orange color to the beer. Does not contribute signficantly to body or head retention. Use for: Bock, Porter, Marzen, Oktoberfest beers",
      "boilTime":60,
      "convertGrain":"Amber Liquid Extract"
   },
   {  
      "modified":"2003-02-22",
      "name":"Barley, Flaked",
      "origin":"USA",
      "type":"malt",
      "color":1.7,
      "yield":0.7,
      "lateExtract":0.0,
      
      
      "coarseFineDifference":0.015,
      "moisture":0.09,
      "diasticPower":0.0,
      "protein":0.135,
      "addAfterBoil":false,
      "recommendMash":true,
      "maxInBatch":0.20,
      "notes":"Adds significant body to Porters and Stouts.  High haze producing protein prevents use in light beers.",
      "boilTime":60,
      "convertGrain":"Carafoam"
   },
   {  
      "modified":"2003-06-14",
      "name":"Barley, Raw",
      "origin":"USA",
      "type":"malt",
      "color":2.0,
      "yield":0.609,
      "lateExtract":0.0,
      
      
      "coarseFineDifference":0.015,
      "moisture":0.04,
      "diasticPower":0.0,
      "protein":0.117,
      "addAfterBoil":false,
      "recommendMash":true,
      "maxInBatch":0.150,
      "notes":"Raw, unmalted barley can be used to add body to your beer.  Use in homebrew requires very fine milling combined with a decoction or multi-stage mash.  Performs best when used in small quantities with well modified grains.",
      "boilTime":60,
      "convertGrain":"Carafoam"
   },
   {  
      "modified":"2003-06-26",
      "name":"Oats, Flaked",
      "origin":"USA",
      "type":"malt",
      "color":1.0,
      "yield":0.8,
      "lateExtract":0.0,
      
      
      "coarseFineDifference":0.015,
      "moisture":0.09,
      "diasticPower":0.0,
      "protein":0.09,
      "addAfterBoil":false,
      "recommendMash":true,
      "maxInBatch":0.30,
      "notes":"Adds body, mouth feel and head retention to the beer Used in oatmeal stouts and porters Adds substantial protein haze to light beers Protein rest recommended unless flakes are pregelatinized",
      "boilTime":60,
      "convertGrain":"Carafoam"
   },
   {  
      "modified":"2003-06-26",
      "name":"Oats, Malted",
      "origin":"USA",
      "type":"malt",
      "color":1.0,
      "yield":0.8,
      "lateExtract":0.0,
      
      
      "coarseFineDifference":0.015,
      "moisture":0.09,
      "diasticPower":0.0,
      "protein":0.09,
      "addAfterBoil":false,
      "recommendMash":true,
      "maxInBatch":0.10,
      "notes":"Malted oats.  Adds body, mouth feel and head retention to the beer  Creates chill haze in lighter beers, so is primarily used in dark ones.",
      "boilTime":60,
      "convertGrain":"Carafoam"
   },
   {  
      "modified":"2003-06-14",
      "name":"Amber Malt",
      "origin":"Storbritannien",
      "type":"malt",
      "color":22.0,
      "yield":0.75,
      "lateExtract":0.0,
      
      
      "coarseFineDifference":0.015,
      "moisture":0.028,
      "diasticPower":20.0,
      "protein":0.100,
      "addAfterBoil":false,
      "recommendMash":true,
      "maxInBatch":0.20,
      "notes":"Roasted specialty malt used in some English browns, milds and old ales to add color and a biscuit taste.  Intense flavor - so limit use. Low diastatic power so must be mashed with well modified malts.",
      "boilTime":60,
      "convertGrain":"Caramel/Crystal Malt - 20L"
   },
   {  
      "modified":"2003-06-26",
      "name":"Biscuit Malt",
      "origin":"Belgian",
      "type":"malt",
      "color":23.0,
      "yield":0.79,
      "lateExtract":0.0,
      
      
      "coarseFineDifference":0.015,
      "moisture":0.04,
      "diasticPower":6.0,
      "protein":0.105,
      "addAfterBoil":false,
      "recommendMash":true,
      "maxInBatch":0.10,
      "notes":"Use for English ales, brown ales and porters. Adds a biscuit like flavor and aroma. Can be used as a substitute for toasted malt.",
      "boilTime":60,
      "convertGrain":"Caramel/Crystal Malt - 20L"
   },
   {  
      "modified":"2003-06-14",
      "name":"Brumalt",
      "origin":"Tyskland",
      "type":"malt",
      "color":23.0,
      "yield":0.717,
      "lateExtract":0.0,
      
      
      "coarseFineDifference":0.015,
      "moisture":0.04,
      "diasticPower":0.0,
      "protein":0.07,
      "addAfterBoil":false,
      "recommendMash":true,
      "maxInBatch":0.10,
      "notes":"Dark German malt developed to add malt flavor of Alt, Marzen and Oktoberfest beers. Helps create authentic maltiness without having to do a decoction mash.  Rarely available for homebrewers.",
      "boilTime":60,
      "convertGrain":"Caramel/Crystal Malt - 20L"
   },
   {  
      "modified":"2003-11-24",
      "name":"Honey Malt",
      "origin":"Canada",
      "supplier":"Gambrinus",
      "type":"malt",
      "color":25.0,
      "yield":0.8,
      "lateExtract":0.0,
      
      
      "coarseFineDifference":0.02,
      "moisture":0.038,
      "diasticPower":0.0,
      "protein":0.105,
      "addAfterBoil":false,
      "recommendMash":true,
      "maxInBatch":0.10,
      "notes":"Intensely sweet - adds a sweet malty flavor sometimes associated with honey.  Also called Brumalt.",
      "boilTime":60,
      "convertGrain":"Caramel/Crystal Malt - 20L"
   },
   {  
      "modified":"2003-06-14",
      "name":"Melanoiden Malt",
      "origin":"Tyskland",
      "type":"malt",
      "color":20.0,
      "yield":0.8,
      "lateExtract":0.0,
      
      
      "coarseFineDifference":0.013,
      "moisture":0.035,
      "diasticPower":10.0,
      "protein":0.110,
      "addAfterBoil":false,
      "recommendMash":true,
      "maxInBatch":0.150,
      "notes":"Aromatic malt from Banberg, Germany.  Promotes a full flavor and rounds off beer color. Promotes deep red color and malty flavor.",
      "boilTime":60,
      "convertGrain":"Caramel/Crystal Malt - 20L"
   },
   {  
      "modified":"2003-06-14",
      "name":"Toasted Malt",
      "origin":"Storbritannien",
      "type":"malt",
      "color":27.0,
      "yield":0.717,
      "lateExtract":0.0,
      
      
      "coarseFineDifference":0.015,
      "moisture":0.04,
      "diasticPower":0.0,
      "protein":0.117,
      "addAfterBoil":false,
      "recommendMash":true,
      "maxInBatch":0.10,
      "notes":"Toasted malt can be made at home by toasting pale malted barley for 10-15 minutes at 350 F.  Similar to Biscuit or Victory malt - this malt adds reddish/orange color and improved body without sweetness.  Toasted flavor.  Mashing required to avoid haze.",
      "boilTime":60,
      "convertGrain":"Caramel/Crystal Malt - 30L"
   },
   {  
      "modified":"2003-02-20",
      "name":"Victory Malt",
      "origin":"USA",
      "type":"malt",
      "color":25.0,
      "yield":0.73,
      "lateExtract":0.0,
      
      
      "coarseFineDifference":0.015,
      "moisture":0.04,
      "diasticPower":50.0,
      "protein":0.132,
      "addAfterBoil":false,
      "recommendMash":true,
      "maxInBatch":0.150,
      "notes":"Toasted malt that adds a \"Biscuit\" or toasted flavor to English ales. Use for: Nut brown ales, porters",
      "boilTime":60,
      "convertGrain":"Caramel/Crystal Malt - 30L"
   },
   {  
      "modified":"2003-03-19",
      "name":"Brown Malt",
      "origin":"Storbritannien",
      "type":"malt",
      "color":65.0,
      "yield":0.7,
      "lateExtract":0.0,
      
      
      "coarseFineDifference":0.015,
      "moisture":0.04,
      "diasticPower":0.0,
      "protein":0.0,
      "addAfterBoil":false,
      "recommendMash":true,
      "maxInBatch":0.10,
      "notes":"Imparts a dry, biscuit flavor. Used in nut brown ales, porters and some Belgian ales.",
      "boilTime":60,
      "convertGrain":"Caramel/Crystal Malt - 60L"
   },
   {  
      "modified":"2003-06-26",
      "name":"Special Roast",
      "origin":"USA",
      "type":"malt",
      "color":50.0,
      "yield":0.72,
      "lateExtract":0.0,
      
      
      "coarseFineDifference":0.015,
      "moisture":0.025,
      "diasticPower":6.0,
      "protein":0.105,
      "addAfterBoil":false,
      "recommendMash":true,
      "maxInBatch":0.10,
      "notes":"Use for English ales, nut brown ales and porters. Adds a toasted, biscuit like flavor and aroma",
      "boilTime":60,
      "convertGrain":"Caramel/Crystal Malt - 60L"
   },
   {  
      "modified":"2003-06-26",
      "name":"Aromatic Malt",
      "origin":"Belgien",
      "type":"malt",
      "color":26.0,
      "yield":0.78,
      "lateExtract":0.0,
      
      
      "coarseFineDifference":0.015,
      "moisture":0.04,
      "diasticPower":29.0,
      "protein":0.118,
      "addAfterBoil":false,
      "recommendMash":true,
      "maxInBatch":0.10,
      "notes":"Provides a very strong malt flavor and aroma to your beer.",
      "boilTime":60,
      "convertGrain":"Caravienne Malt"
   },
   {  
      "modified":"2003-06-14",
      "name":"Acid Malt",
      "origin":"Tyskland",
      "type":"malt",
      "color":3.0,
      "yield":0.587,
      "lateExtract":0.0,
      
      
      "coarseFineDifference":0.015,
      "moisture":0.04,
      "diasticPower":0.0,
      "protein":0.06,
      "addAfterBoil":false,
      "recommendMash":true,
      "maxInBatch":0.10,
      "notes":"Acid malt contains acids from natural lactic acids.  Used by German brewers to adjust malt PH without chemicals to adhere to German purity laws.  Also enhances the head retention. ",
      "boilTime":60,
      "convertGrain":"Pale Liquid Extract"
   },
   {  
      "modified":"2003-06-26",
      "name":"Mild Malt",
      "origin":"Storbritannien",
      "type":"malt",
      "color":4.0,
      "yield":0.8,
      "lateExtract":0.0,
      
      
      "coarseFineDifference":0.015,
      "moisture":0.04,
      "diasticPower":53.0,
      "protein":0.106,
      "addAfterBoil":false,
      "recommendMash":true,
      "maxInBatch":1.0,
      "notes":"Also called \"English Mild\" - a light specialty malt used in Brown Ales",
      "boilTime":60,
      "convertGrain":"Pale Liquid Extract"
   },
   {  
      "modified":"2003-06-26",
      "name":"Pale Malt (2 Row) Bel",
      "origin":"Belgien",
      "type":"malt",
      "color":3.0,
      "yield":0.8,
      "lateExtract":0.0,
      
      
      "coarseFineDifference":0.015,
      "moisture":0.04,
      "diasticPower":60.0,
      "protein":0.105,
      "addAfterBoil":false,
      "recommendMash":true,
      "maxInBatch":1.0,
      "notes":"Base malt for all beer styles. Higher potential yield than US, English equivalent pale ale malts",
      "boilTime":60,
      "convertGrain":"Pale Liquid Extract"
   },
   {  
      "modified":"2003-06-26",
      "name":"Pale Malt (2 Row) UK",
      "origin":"Storbritannien",
      "type":"malt",
      "color":3.0,
      "yield":0.78,
      "lateExtract":0.0,
      
      
      "coarseFineDifference":0.015,
      "moisture":0.04,
      "diasticPower":45.0,
      "protein":0.101,
      "addAfterBoil":false,
      "recommendMash":true,
      "maxInBatch":1.0,
      "notes":"Base malt for all English beer styles. Lower diastatic power than American 2 Row Pale Malt",
      "boilTime":60,
      "convertGrain":"Pale Liquid Extract"
   },
   {  
      "modified":"2003-06-26",
      "name":"Pale Malt (2 Row) US",
      "origin":"USA",
      "type":"malt",
      "color":2.0,
      "yield":0.79,
      "lateExtract":0.0,
      
      
      "coarseFineDifference":0.015,
      "moisture":0.04,
      "diasticPower":140.0,
      "protein":0.123,
      "addAfterBoil":false,
      "recommendMash":true,
      "maxInBatch":1.0,
      "notes":"Base malt for all beer styles",
      "boilTime":60,
      "convertGrain":"Pale Liquid Extract"
   },
   {  
      "modified":"2003-06-26",
      "name":"Pale Malt (6 Row) US",
      "origin":"USA",
      "type":"malt",
      "color":2.0,
      "yield":0.76,
      "lateExtract":0.0,
      
      
      "coarseFineDifference":0.015,
      "moisture":0.04,
      "diasticPower":150.0,
      "protein":0.130,
      "addAfterBoil":false,
      "recommendMash":true,
      "maxInBatch":1.0,
      "notes":"Base malt for all beer styles",
      "boilTime":60,
      "convertGrain":"Pale Liquid Extract"
   },
   {  
      "modified":"2003-11-24",
      "name":"Pale Malt, Maris Otter",
      "origin":"Storbritannien",
      "supplier":"Maris Otter",
      "type":"malt",
      "color":3.0,
      "yield":0.825,
      "lateExtract":0.0,
      
      
      "coarseFineDifference":0.015,
      "moisture":0.03,
      "diasticPower":120.0,
      "protein":0.117,
      "addAfterBoil":false,
      "recommendMash":true,
      "maxInBatch":1.0,
      "notes":"Premium base malt from the UK.  Popular for many English styles of beer including ales, pale ales and bitters.",
      "boilTime":60,
      "convertGrain":"Pale Liquid Extract"
   },
   {  
      "modified":"2003-02-20",
      "name":"Vienna Malt",
      "origin":"Tyskland",
      "type":"malt",
      "color":3.5,
      "yield":0.78,
      "lateExtract":0.0,
      
      
      "coarseFineDifference":0.015,
      "moisture":0.04,
      "diasticPower":50.0,
      "protein":0.110,
      "addAfterBoil":false,
      "recommendMash":true,
      "maxInBatch":0.90,
      "notes":"Kiln dried malt darker than Pale Malt, but not as dark as Munich Malt. Imparts a golden to orange color to the beer.",
      "boilTime":60,
      "convertGrain":"Pale Liquid Extract"
   },
   {  
      "modified":"2003-11-24",
      "name":"Lager Malt",
      "type":"malt",
      "color":2.0,
      "yield":0.825,
      "lateExtract":0.0,
      
      
      "coarseFineDifference":0.015,
      "moisture":0.04,
      "diasticPower":100.0,
      "protein":0.110,
      "addAfterBoil":false,
      "recommendMash":true,
      "maxInBatch":1.0,
      "notes":"Very light lager malt used to make Pilsners, Lagers and other light beers.  May be used as a base malt.",
      "boilTime":60,
      "convertGrain":"Pilsner Liquid Extract"
   },
   {  
      "modified":"2003-06-26",
      "name":"Pilsner (2 Row) Bel",
      "origin":"Belgien",
      "type":"malt",
      "color":2.0,
      "yield":0.79,
      "lateExtract":0.0,
      
      
      "coarseFineDifference":0.015,
      "moisture":0.04,
      "diasticPower":105.0,
      "protein":0.105,
      "addAfterBoil":false,
      "recommendMash":true,
      "maxInBatch":1.0,
      "notes":"Belgian base malt for Continental lagers",
      "boilTime":60,
      "convertGrain":"Pilsner Liquid Extract"
   },
   {  
      "modified":"2003-06-26",
      "name":"Pilsner (2 Row) Ger",
      "origin":"Tyskland",
      "type":"malt",
      "color":2.0,
      "yield":0.81,
      "lateExtract":0.0,
      
      
      "coarseFineDifference":0.015,
      "moisture":0.04,
      "diasticPower":110.0,
      "protein":0.110,
      "addAfterBoil":false,
      "recommendMash":true,
      "maxInBatch":1.0,
      "notes":"German base for Pilsners and Bohemian Lagers",
      "boilTime":60,
      "convertGrain":"Pilsner Liquid Extract"
   },
   {  
      "modified":"2003-06-26",
      "name":"Pilsner (2 Row) UK",
      "origin":"Storbritannien",
      "type":"malt",
      "color":1.0,
      "yield":0.78,
      "lateExtract":0.0,
      
      
      "coarseFineDifference":0.015,
      "moisture":0.04,
      "diasticPower":60.0,
      "protein":0.100,
      "addAfterBoil":false,
      "recommendMash":true,
      "maxInBatch":1.0,
      "notes":"Pilsner base malt",
      "boilTime":60,
      "convertGrain":"Pilsner Liquid Extract"
   },
   {  
      "modified":"2003-06-26",
      "name":"Rice, Flaked",
      "origin":"USA",
      "type":"malt",
      "color":1.0,
      "yield":0.7,
      "lateExtract":0.0,
      
      
      "coarseFineDifference":0.015,
      "moisture":0.09,
      "diasticPower":0.0,
      "protein":0.100,
      "addAfterBoil":false,
      "recommendMash":true,
      "maxInBatch":0.250,
      "notes":"Used to add fermentables without increasing body or flavor. Produces a milder, less grainy tasting beer. Examples: American lagers, Bohemian lagers, Pilsners",
      "boilTime":60,
      "convertGrain":"Rice Extract Syrup"
   },
   {  
      "modified":"2003-02-20",
      "name":"Corn, Flaked",
      "origin":"USA",
      "type":"malt",
      "color":1.3,
      "yield":0.8,
      "lateExtract":0.0,
      
      
      "coarseFineDifference":0.015,
      "moisture":0.09,
      "diasticPower":0.0,
      "protein":0.100,
      "addAfterBoil":false,
      "recommendMash":true,
      "maxInBatch":0.40,
      "notes":"Generally a neutral flavor, used to reduce maltiness of beer Produces beer with a milder, less malty flavor Uses: Primarily for light Bohemian and Pilsner lagers",
      "boilTime":60,
      "convertGrain":"Sugar, Table (Sucrose)"
   },
   {  
      "modified":"2003-06-26",
      "name":"Wheat Malt, Bel",
      "origin":"Belgien",
      "type":"malt",
      "color":2.0,
      "yield":0.81,
      "lateExtract":0.0,
      
      
      "coarseFineDifference":0.015,
      "moisture":0.04,
      "diasticPower":74.0,
      "protein":0.115,
      "addAfterBoil":false,
      "recommendMash":true,
      "maxInBatch":0.60,
      "notes":"Malted wheat for use in Wheat beers",
      "boilTime":60,
      "convertGrain":"Wheat Liquid Extract"
   },
   {  
      "modified":"2003-06-26",
      "name":"Wheat Malt, Dark",
      "origin":"Tyskland",
      "type":"malt",
      "color":9.0,
      "yield":0.84,
      "lateExtract":0.0,
      
      
      "coarseFineDifference":0.015,
      "moisture":0.035,
      "diasticPower":10.0,
      "protein":0.115,
      "addAfterBoil":false,
      "recommendMash":true,
      "maxInBatch":0.20,
      "notes":"Dark malted wheat base for use in dark wheat styles such as Dunkleweizen.",
      "boilTime":60,
      "convertGrain":"Wheat Liquid Extract"
   },
   {  
      "modified":"2003-06-26",
      "name":"Wheat Malt, Ger",
      "origin":"Tyskland",
      "type":"malt",
      "color":2.0,
      "yield":0.84,
      "lateExtract":0.0,
      
      
      "coarseFineDifference":0.015,
      "moisture":0.04,
      "diasticPower":95.0,
      "protein":0.125,
      "addAfterBoil":false,
      "recommendMash":true,
      "maxInBatch":0.60,
      "notes":"Malted wheat base for use in all wheat styles",
      "boilTime":60,
      "convertGrain":"Wheat Liquid Extract"
   },
   {  
      "modified":"2003-02-20",
      "name":"Wheat, Flaked",
      "origin":"USA",
      "type":"malt",
      "color":1.6,
      "yield":0.77,
      "lateExtract":0.0,
      
      
      "coarseFineDifference":0.015,
      "moisture":0.09,
      "diasticPower":0.0,
      "protein":0.160,
      "addAfterBoil":false,
      "recommendMash":true,
      "maxInBatch":0.40,
      "notes":"Flaked wheat adds to increased body and foam retention Used in place of raw or torrified wheat for faster conversion and better yield. May be used in small amounts to improve head retention and body Examples: Belgian White beer, Wit",
      "boilTime":60,
      "convertGrain":"Wheat Liquid Extract"
   },
   {  
      "modified":"2003-06-14",
      "name":"Wheat, Roasted",
      "origin":"Tyskland",
      "type":"malt",
      "color":425.0,
      "yield":0.543,
      "lateExtract":0.0,
      
      
      "coarseFineDifference":0.015,
      "moisture":0.04,
      "diasticPower":0.0,
      "protein":0.130,
      "addAfterBoil":false,
      "recommendMash":true,
      "maxInBatch":0.10,
      "notes":"Also called Chocolate Wheat Malt.  Kilned raw wheat - adds a deep, dark brown color to dunkelweizens and other dark beer styles. Roasted, woody, charcoal or burnt toast flavor depending on degree of roasting.",
      "boilTime":60,
      "convertGrain":"Wheat Liquid Extract"
   },
   {  
      "modified":"2003-02-20",
      "name":"Wheat, Torrified",
      "origin":"USA",
      "type":"malt",
      "color":1.7,
      "yield":0.79,
      "lateExtract":0.0,
      
      
      "coarseFineDifference":0.015,
      "moisture":0.09,
      "diasticPower":0.0,
      "protein":0.160,
      "addAfterBoil":false,
      "recommendMash":true,
      "maxInBatch":0.40,
      "notes":"Unmodified wheat that has been \"popped\" to open the kernels Used primarily in place of raw wheat when making Belgian White and Wit Faster conversion and higher yield than raw wheat. Protein rest recommended when mashing",
      "boilTime":60,
      "convertGrain":"Wheat Liquid Extract"
   },
   {  
      "modified":"2003-02-20",
      "name":"White Wheat Malt",
      "origin":"USA",
      "type":"malt",
      "color":2.4,
      "yield":0.86,
      "lateExtract":0.0,
      
      
      "coarseFineDifference":0.022,
      "moisture":0.04,
      "diasticPower":130.0,
      "protein":0.145,
      "addAfterBoil":false,
      "recommendMash":true,
      "maxInBatch":0.60,
      "notes":"White wheat gives a malty flavor not available from raw wheat. Used in Weiss, Wit and White beers",
      "boilTime":60,
      "convertGrain":"Wheat Liquid Extract"
   }
]