[
    {
        "modified": "2003-06-09",
        "name": "Admiral",
        "origin": "United Kingdom",
        "type": "bitter",
        "form": "pellet",
        "alpha": 0.1475,
        "beta": 0.056,
        "hopStabilityIndex": 15,
        "dryHopTime": 3,
        "notes": "Bittering hops derived from Wye Challenger. Good high-alpha bittering hops. Used for: Ales. Aroma: Primarily for bittering. Substitutes: Target, Northdown, Challenger."
    },
    {
        "modified": "2011-03-04",
        "name": "Ahtanum",
        "origin": "USA",
        "type": "aroma",
        "form": "pellet",
        "alpha": 0.06,
        "beta": 0.0525,
        "hopStabilityIndex": 30,
        "dryHopTime": 3,
        "notes": "Distinctive aromatic hops with moderate bittering power from Washington. Used for: American ales and lagers. Aroma: Distinctive floral and citrus aromas. Substitutes: Amarillo, Cascade"
    },
    {
        "modified": "2011-03-04",
        "name": "Amarillo Gold",
        "origin": "USA",
        "type": "aroma",
        "form": "pellet",
        "alpha": 0.085,
        "beta": 6,
        "hopStabilityIndex": 20,
        "dryHopTime": 3,
        "notes": "Unknown origin, but character similar to Cascade. Used for both bitterness and aroma. Used for: IPAs, Ales. Aroma: Citrus, flowery. Substitutes: Cascade, Centennial"
    },
    {
        "modified": "2011-03-04",
        "name": "Apollo",
        "origin": "USA",
        "type": "bitter",
        "form": "pellet",
        "alpha": 0.17,
        "beta": 0.0675,
        "hopStabilityIndex": 15,
        "dryHopTime": 3,
        "notes": "Super high alpha variety from the Hopsteiner breeding program released in 2006. High alpha and low cohumulone makes it a great bittering hop. Adds a strong grapefruit/hop note if added late in boil. Substitutes: Nugget, Columbus, Tomahawk, Zeus"
    },
    {
        "modified": "2003-06-09",
        "name": "Aquila",
        "origin": "USA",
        "type": "aroma",
        "form": "pellet",
        "alpha": 0.065,
        "beta": 0.03,
        "hopStabilityIndex": 35,
        "dryHopTime": 3,
        "notes": "Aroma hops developed in 1988. Limited use due to high cohumolone. Used for: Aroma hops. Substitutes: Cluster. No longer commercially grown."
    },
    {
        "modified": "2011-03-05",
        "name": "Atlas",
        "origin": "Slovenia",
        "type": "bitter",
        "form": "pellet",
        "alpha": 0.08,
        "beta": 0.037,
        "hopStabilityIndex": 15,
        "dryHopTime": 3,
        "notes": "A cross between Brewers Gold and Slovenian wild hops. Primarily a bittering hop with pleasant bitterness and aroma. Used for: Bittering ales, lagers Substitutes: Brewers Gold"
    },
    {
        "modified": "2011-03-05",
        "name": "Aurora",
        "origin": "Slovenia",
        "type": "both",
        "form": "pellet",
        "alpha": 0.0825,
        "beta": 0.035,
        "hopStabilityIndex": 23,
        "dryHopTime": 3,
        "notes": "Also called Super Styrian. This is a hybrid between Northern Brewer and TG. It has a pleasant hoppy aroma similar to Styrian Goldings but lighter. Used for: Often mixed with other hops in lagers. Substitutes: Styrian Goldings"
    },
    {
        "modified": "2003-06-09",
        "name": "Banner",
        "origin": "USA",
        "type": "bitter",
        "form": "pellet",
        "alpha": 0.10,
        "beta": 0.04,
        "hopStabilityIndex": 35,
        "dryHopTime": 3,
        "notes": "Bittering hops developed in 1988. Use largely discontinued due to poor storage. Used for: U.S. style ales. Substitutes: Cluster"
    },
    {
        "modified": "2011-03-05",
        "name": "Bobek",
        "origin": "Slovenia",
        "type": "both",
        "form": "pellet",
        "alpha": 0.0525,
        "beta": 0.05,
        "hopStabilityIndex": 20,
        "dryHopTime": 3,
        "notes": "Also called Styrian Golding B - a cross between Northern Brewer and a TG seedling. Pleasant hop aroma and flavor. Used for: Moderate English ales and lagers/Pilsners Substitutes: Northern Brewer"
    },
    {
        "modified": "2003-06-09",
        "name": "Bramling Cross",
        "origin": "United Kingdom",
        "type": "aroma",
        "form": "pellet",
        "alpha": 0.06,
        "beta": 0.03,
        "hopStabilityIndex": 35,
        "dryHopTime": 3,
        "notes": "Developed in 1927 from commercial Goldings and wild hop variety. Used for: ESB, Bitters, Pale Ale. Aroma: Mild, fruity, currant aroma. Substitutes: East Kent Goldings, Progress, Whitbred"
    },
    {
        "modified": "2011-03-04",
        "name": "Bravo",
        "origin": "USA",
        "type": "bitter",
        "form": "pellet",
        "alpha": 0.155,
        "beta": 0.035,
        "hopStabilityIndex": 30,
        "dryHopTime": 3,
        "notes": "A second generation super high alpha hops from the Hopsteiner breeding program released in 2006. Good bittering hop. Aroma: Fruity and floral aroma. Substitutes: Columbus, Zeus, Tomahawk"
    },
    {
        "modified": "2003-02-22",
        "name": "Brewer's Gold",
        "origin": "United Kingdom",
        "type": "bitter",
        "form": "pellet",
        "alpha": 0.08,
        "beta": 0.037,
        "hopStabilityIndex": 50,
        "dryHopTime": 0,
        "notes": "Traditional bittering hops for English ales and heavy German lagers. Aroma: Sharp bittering hop. Substitutes: Northern Brewer, Galena, Chinook, Eroica. Example: Pete's Wicked Ale"
    },
    {
        "modified": "2003-02-22",
        "name": "Bullion",
        "origin": "United Kingdom",
        "type": "bitter",
        "form": "pellet",
        "alpha": 0.08,
        "beta": 0.045,
        "hopStabilityIndex": 50,
        "dryHopTime": 0,
        "notes": "Used in strong dark English ales, some heavy German lagers. Aroma: Strong, pungent and bitter in flavor. Blackcurrant flavor. Substitutes: Chinook, Eroica, Brewer's Gold"
    },
    {
        "modified": "2011-03-04",
        "name": "Cascade",
        "origin": "USA",
        "type": "both",
        "form": "pellet",
        "alpha": 0.055,
        "beta": 6,
        "hopStabilityIndex": 50,
        "dryHopTime": 0,
        "notes": "A hops with Northern Brewers Heritage. Used for: American ales and lagers. Aroma: Strong spicy, floral, grapefruit character. Substitutes: Centennial. Examples: Sierra Nevada Pale Ale, Anchor Liberty Ale"
    },
    {
        "modified": "2011-03-05",
        "name": "Celeia",
        "origin": "Slovenia",
        "type": "both",
        "form": "pellet",
        "alpha": 0.045,
        "beta": 0.026,
        "hopStabilityIndex": 23,
        "dryHopTime": 3,
        "notes": "A dual purpose hops that is a hybrid between Savinjski Golding, Aurora and Slovenian wild hops. Similar in aroma to Saaz. Used for: Light lagers, Pilsners, Belgian ales. Substitutes: Saaz, Styrian Goldings"
    },
    {
        "modified": "2011-03-04",
        "name": "Centennial",
        "origin": "USA",
        "type": "bitter",
        "form": "pellet",
        "alpha": 0.10,
        "beta": 0.04,
        "hopStabilityIndex": 40,
        "dryHopTime": 0,
        "notes": "Used for: General purpose bittering, aroma in American ales and Wheats. Aroma: Floral, citrus aroma, spicy, clean bittering flavor. Substitutes: Galena, Eroica, Nugget, Bullion. Examples: Sierra Nevada Celebration Ale, Sierra Nevada Bigfoot"
    },
    {
        "modified": "2003-02-22",
        "name": "Challenger",
        "origin": "United Kingdom",
        "type": "aroma",
        "form": "pellet",
        "alpha": 0.075,
        "beta": 0.04,
        "hopStabilityIndex": 25,
        "dryHopTime": 0,
        "notes": "Variant of Northern Brewers heritage. Used for: Both aroma and bittering for ales and lagers. Aroma: Fruity in flavor, spicy aroma, blends well. Substitutes: N/A"
    },
    {
        "modified": "2011-03-04",
        "name": "Chelan",
        "origin": "USA",
        "type": "bitter",
        "form": "pellet",
        "alpha": 0.1325,
        "beta": 0.0925,
        "hopStabilityIndex": 20,
        "dryHopTime": 3,
        "notes": "High alpha variety from the Haas breeding program released in 2004. It is a variant of Galena and very similar in profile to Galena. Aroma: Pleasant citrus notes Substitutes: Galena"
    },
    {
        "modified": "2011-03-04",
        "name": "Chinook",
        "origin": "USA",
        "type": "bitter",
        "form": "pellet",
        "alpha": 0.13,
        "beta": 0.036,
        "hopStabilityIndex": 42,
        "dryHopTime": 0,
        "notes": "Strong versatile bittering hop. Used for: Ales, porters, stouts. Aroma: Heavy and spicy aroma. Substitutes: Galena, Eroica, Nugget, Bullion. Examples: Sierra Nevada Stout, Sierra Nevada Celebration Ale"
    },
    {
        "modified": "2011-03-04",
        "name": "Citra",
        "origin": "USA",
        "type": "both",
        "form": "pellet",
        "alpha": 0.12,
        "beta": 0.04,
        "hopStabilityIndex": 25,
        "dryHopTime": 3,
        "notes": "Special aroma hops released in 2007. Imparts high alpha/oil content but low cohumulone. Aroma: Adds interesting citrus and tropical fruit character to the beer. Substitutes: Unknown"
    },
    {
        "modified": "2011-03-04",
        "name": "Cluster",
        "origin": "USA",
        "type": "bitter",
        "form": "pellet",
        "alpha": 0.07,
        "beta": 0.048,
        "hopStabilityIndex": 16,
        "dryHopTime": 0,
        "notes": "Used for: General purpose bittering hop. Aroma: Floral, slightly spicy. Sharp aroma and sharp flavor. Substitutes: Eroica, Galena"
    },
    {
        "modified": "2003-06-09",
        "name": "Columbia",
        "origin": "United Kingdom",
        "type": "bitter",
        "form": "pellet",
        "alpha": 0.055,
        "beta": 0.03,
        "hopStabilityIndex": 35,
        "dryHopTime": 3,
        "notes": "Sibling of Williamette hops. Used for: All English Ales. Aroma: Close to Fuggles. Substitutes: Fuggles, Williamette"
    },
    {
        "modified": "2003-06-09",
        "name": "Columbus (Tomahawk)",
        "origin": "USA",
        "type": "bitter",
        "form": "pellet",
        "alpha": 0.14,
        "beta": 0.05,
        "hopStabilityIndex": 40,
        "dryHopTime": 3,
        "notes": "Engineered Centennial Substitute - High alpha bittering hops. Used for: Bittering, flavor, aroma - IPA, American Pale Ale, Stout, Lager. Aroma: Pungent, spicy. Strongly aromatic, but clean tasting bitterness. Substitutes: Centennial"
    },
    {
        "modified": "2003-06-09",
        "name": "Comet",
        "origin": "USA",
        "type": "bitter",
        "form": "pellet",
        "alpha": 0.095,
        "beta": 0.04,
        "hopStabilityIndex": 50,
        "dryHopTime": 3,
        "notes": "Very bitter hops - use sparingly with other hops. Used for: Bittering only. Substitutes: N/A"
    },
    {
        "modified": "2011-03-04",
        "name": "Crystal",
        "origin": "USA",
        "type": "aroma",
        "form": "pellet",
        "alpha": 0.035,
        "beta": 0.052,
        "hopStabilityIndex": 50,
        "dryHopTime": 0,
        "notes": "Used for: Aroma and finishing hops for Lagers. Aroma: Clean, mild, pleasant and slightly spicy. Substitutes: Hallertauer, Mount Liberty"
    },
    {
        "modified": "2011-03-04",
        "name": "Eroica",
        "origin": "USA",
        "type": "bitter",
        "form": "pellet",
        "alpha": 0.13,
        "beta": 0.048,
        "hopStabilityIndex": 35,
        "dryHopTime": 0,
        "notes": "Used for: General purpose bittering for ales, porters, stouts. Aroma: Clean bittering hop, very bitter. Substitutes: Galena, Northern Brewer, Chinook. Examples: Blackhook Porter, Ballard Bitter"
    },
    {
        "modified": "2011-03-04",
        "name": "Feux Coeur Francais",
        "origin": "Australia",
        "type": "bitter",
        "form": "pellet",
        "alpha": 0.14,
        "beta": 6,
        "hopStabilityIndex": 25,
        "dryHopTime": 3,
        "notes": "Rare, high alpha hops from Australia with genetic roots in the Burgundy region of France. It was adopted to the Victoria region of Australia and introduced in 2010."
    },
    {
        "modified": "2003-06-09",
        "name": "First Gold",
        "origin": "United Kingdom",
        "type": "both",
        "form": "pellet",
        "alpha": 0.075,
        "beta": 0.035,
        "hopStabilityIndex": 12,
        "dryHopTime": 3,
        "notes": "Dwarf hop with English Golding character. Used for: Ales, ESB. Aroma: Similar to other Golding varieties, spicy. Substitutes: East Kent Goldings, Crystal"
    },
    {
        "modified": "2003-02-22",
        "name": "Fuggles",
        "origin": "United Kingdom",
        "type": "aroma",
        "form": "pellet",
        "alpha": 0.045,
        "beta": 0.02,
        "hopStabilityIndex": 35,
        "dryHopTime": 0,
        "notes": "Used for: General purpose bittering/aroma for English Ales, Dark Lagers. Aroma: Mild, soft, grassy, floral aroma. Substitute: East Kent Goldings, Williamette. Examples: Samuel Smith's Pale Ale, Old Peculiar, Thomas Hardy's Ale"
    },
    {
        "modified": "2011-03-04",
        "name": "Galaxy",
        "origin": "Australia",
        "type": "bitter",
        "form": "pellet",
        "alpha": 0.14,
        "beta": 0.059,
        "hopStabilityIndex": 35,
        "dryHopTime": 3,
        "notes": "A high alpha, dual purpose seedless hops with a unique hop aroma. It can be used either for bittering or as a late hop addition to provide a flavor of citrus and passionfruit to the finished beer. Aroma: Intense, pleasant, unique."
    },
    {
        "modified": "2011-03-04",
        "name": "Galena",
        "origin": "USA",
        "type": "bitter",
        "form": "pellet",
        "alpha": 0.125,
        "beta": 0.08,
        "hopStabilityIndex": 21,
        "dryHopTime": 0,
        "notes": "Used for: General bittering hops for all beers. Aroma: Strong, clean, balanced bittering. Substitutes: Eroica, Northern Brewer, Cluster, Chinook. Examples: Catamount Porter"
    },
    {
        "modified": "2003-06-09",
        "name": "Glacier",
        "origin": "USA",
        "type": "aroma",
        "form": "pellet",
        "alpha": 0.056,
        "beta": 0.076,
        "hopStabilityIndex": 28.5,
        "dryHopTime": 3,
        "notes": "Genetic mix of at least 8 hops including Elsasser, Brewers Gold, N Brewer, Bullion, Early Green, and others..released in 2000. Used for: Aroma. Aroma: Excellent, hoppy. Substitutes: N/A"
    },
    {
        "modified": "2003-02-22",
        "name": "Goldings, B.C.",
        "origin": "Canada",
        "type": "aroma",
        "form": "pellet",
        "alpha": 0.05,
        "beta": 0.032,
        "hopStabilityIndex": 40,
        "dryHopTime": 0,
        "notes": "Used for: Bittering and finishing British ales, bitters, porters and stouts. Aroma: Spicy, floral, rounded mild aroma. Substitutes: East Kent Goldings, Fuggles"
    },
    {
        "modified": "2003-02-22",
        "name": "Goldings, East Kent",
        "origin": "United Kingdom",
        "type": "aroma",
        "form": "pellet",
        "alpha": 0.05,
        "beta": 0.035,
        "hopStabilityIndex": 35,
        "dryHopTime": 0,
        "notes": "Used for: General purpose hops for bittering/finishing all British Ales. Aroma: Floral, aromatic, earthy, slightly sweet spicy flavor. Substitutes: Fuggles, BC Goldings. Examples: Bass Pale Ale, Fullers ESB, Samual Smith's Pale Ale."
    },
    {
        "modified": "2003-06-09",
        "name": "Green Bullet",
        "origin": "New Zealand",
        "type": "bitter",
        "form": "pellet",
        "alpha": 0.135,
        "beta": 0.07,
        "hopStabilityIndex": 20,
        "dryHopTime": 3,
        "notes": "Bittering hops from New Zealand developed in 1972. Used for: Australian-style ales and lagers. Aroma: Floral, raisin aroma. Substitutes: Styrian Goldings"
    },
    {
        "modified": "2011-03-04",
        "name": "Greenburg",
        "origin": "USA",
        "type": "aroma",
        "form": "pellet",
        "alpha": 0.052,
        "beta": 0.072,
        "hopStabilityIndex": 25,
        "dryHopTime": 3,
        "notes": "American hop variety from southern Idaho. Fruity flavor with a touch of wood flavor. Popular with microbreweries."
    },
    {
        "modified": "2003-02-22",
        "name": "Hallertauer",
        "origin": "Germany",
        "type": "aroma",
        "form": "pellet",
        "alpha": 0.048,
        "beta": 0.04,
        "hopStabilityIndex": 50,
        "dryHopTime": 0,
        "notes": "Used for: German Ales, German/US/Canadian Lagers, Wheat Beers. Aroma: Pleasant, mild spicy flavor, clean, neutral flavor. Substitutes: Crystal, Liberty, Hallertauer Mittelfrueh"
    },
    {
        "modified": "2011-03-04",
        "name": "Hallertauer Hersbrucker",
        "origin": "Germany",
        "type": "aroma",
        "form": "pellet",
        "alpha": 0.04,
        "beta": 6,
        "hopStabilityIndex": 25,
        "dryHopTime": 0,
        "notes": "Used for: German style lagers and wheat beers. Aroma: Noble, pleasant, clean flavor. Substitutes: Mt. Hood, Liberty, Hallertauer, Mittelfrueh. Examples: Wheathook Wheaten Ale"
    },
    {
        "modified": "2003-02-22",
        "name": "Hallertauer Mittelfrueh",
        "origin": "Germany",
        "type": "aroma",
        "form": "pellet",
        "alpha": 0.04,
        "beta": 0.046,
        "hopStabilityIndex": 45,
        "dryHopTime": 0,
        "notes": "Used for: Continental Lagers, German Ales/Lagers, US Lagers. Aroma: Pleasant, assertive, mild herbal aroma. Substitutes: Hallertauer, Mt. Hood, Liberty, Crystal. Examples: Sam Adams Boston Lager, Sam Adams Boston Lightship"
    },
    {
        "modified": "2003-06-09",
        "name": "Hallertauer, New Zealand",
        "origin": "New Zealand",
        "type": "both",
        "form": "pellet",
        "alpha": 0.085,
        "beta": 0.03,
        "hopStabilityIndex": 45,
        "dryHopTime": 3,
        "notes": "Hallertauer variant with classic aroma and ability to retain clean taste. Bred from German Hallertauer Mittelfrueh. Used for: Australian Ales. Substitutes: Hallertauer Mittelfrueh"
    },
    {
        "modified": "2003-06-09",
        "name": "Herald",
        "origin": "United Kingdom",
        "type": "bitter",
        "form": "pellet",
        "alpha": 0.12,
        "beta": 0.052,
        "hopStabilityIndex": 25,
        "dryHopTime": 3,
        "notes": "Dwarf variety bred at Wye College (mid 1990s). Used for: Bittering of ales. Aroma: Strong, acceptable. Substitutes: High alpha English bittering hops."
    },
    {
        "modified": "2003-06-09",
        "name": "Horizon",
        "origin": "USA",
        "type": "bitter",
        "form": "pellet",
        "alpha": 0.12,
        "beta": 0.075,
        "hopStabilityIndex": 30,
        "dryHopTime": 3,
        "notes": "Good dual purpose hops derived from Nugget hops in Oregon (1970). Used for: All purpose Ales, Lagers. Aroma: Pleasant, hoppy. Substitutes: Magnum or other high alpha hops"
    },
    {
        "modified": "2011-03-04",
        "name": "Liberty",
        "origin": "USA",
        "type": "aroma",
        "form": "pellet",
        "alpha": 0.043,
        "beta": 0.035,
        "hopStabilityIndex": 50,
        "dryHopTime": 0,
        "notes": "Used for: German style lagers. Aroma: Fine, mild, slightly spicy flavor. Substitutes: Hallertau, Mt Hood, Crystal. Examples: Pete's Wicked Lager"
    },
    {
        "modified": "2003-06-09",
        "name": "Lublin",
        "origin": "Poland",
        "type": "bitter",
        "form": "pellet",
        "alpha": 0.05,
        "beta": 0.03,
        "hopStabilityIndex": 40,
        "dryHopTime": 0,
        "notes": "Version of Saaz grown in Poland - also called \"Lubelski\". Used for: Bohemian lagers and Pilsners. Aroma: Noble, mild flavor similar to Saaz. Substitutes: Saaz, Tettnanger"
    },
    {
        "modified": "2003-02-22",
        "name": "Magnum",
        "origin": "Germany",
        "type": "bitter",
        "form": "pellet",
        "alpha": 0.14,
        "beta": 0.065,
        "hopStabilityIndex": 15,
        "dryHopTime": 0,
        "notes": "German Hallertauer hybrid, widely used in Germany. Used for: German ales and lagers. Aroma: Good aroma and stable spicy flavor. Substitutes: N/A"
    },
    {
        "modified": "2011-03-05",
        "name": "Marynka",
        "origin": "Poland",
        "type": "bitter",
        "form": "pellet",
        "alpha": 0.105,
        "beta": 0.114,
        "hopStabilityIndex": 25,
        "dryHopTime": 3,
        "notes": "Bittering hops with high aroma. Primarily for use in Pilsner, lagers, ales or wheats. Comparable to English Goldings or Chinook. Used for: Lager, ales. Substitutes: Chinook, English Golding"
    },
    {
        "modified": "2011-03-04",
        "name": "Millenium",
        "origin": "USA",
        "type": "bitter",
        "form": "pellet",
        "alpha": 0.1425,
        "beta": 0.057,
        "hopStabilityIndex": 25,
        "dryHopTime": 3,
        "notes": "Originally developed as part of the Haas breeding program in the US, Millenium entered production in 2000. It is a very high alpha hops used for bittering. Aroma: Mild, herbal. Substitutes: Columbus, Tomahawk, Zeus and Nugget"
    },
    {
        "modified": "2011-03-04",
        "name": "Motueka",
        "origin": "New Zealand",
        "type": "aroma",
        "form": "pellet",
        "alpha": 0.07,
        "beta": 0.0525,
        "hopStabilityIndex": 15,
        "dryHopTime": 3,
        "notes": "Flexible hop developed from Saaz. Has notable character and aroma, balanced bitterness, and unique flavor. Used for: Lagers, Belgian Ales and Bohemian Pilsner. Substitutes: Saaz"
    },
    {
        "modified": "2011-03-04",
        "name": "Mt. Hood",
        "origin": "USA",
        "type": "aroma",
        "form": "pellet",
        "alpha": 0.06,
        "beta": 0.063,
        "hopStabilityIndex": 40,
        "dryHopTime": 0,
        "notes": "Used for: European Lagers, finishing. Aroma: Mild with a clean aroma, neutral flavor. Somewhat pungent. Substitutes: Hallertauer, Liberty, Crystal"
    },
    {
        "modified": "2011-03-04",
        "name": "Nelson Sauvin",
        "origin": "New Zealand",
        "type": "bitter",
        "form": "pellet",
        "alpha": 0.12,
        "beta": 0.07,
        "hopStabilityIndex": 20,
        "dryHopTime": 3,
        "notes": "Triploid variety bred from \"Smoothcone\" released in 2000. Oil profile said to taste like \"fresh crushed gooseberries\" similar to Sauvignon Blanc, giving it its name. Very fruity, citrusy - use in moderation. Used for: Pale ale, Super Premiums. Substitutes: None"
    },
    {
        "modified": "2011-03-04",
        "name": "Newport",
        "origin": "USA",
        "type": "bitter",
        "form": "pellet",
        "alpha": 0.135,
        "beta": 6,
        "hopStabilityIndex": 40,
        "dryHopTime": 3,
        "notes": "High alpha hops released in 2002 as a potential replacement for Galena. Note that these hops have a large alpha range of 9.8%-17% so check the package! Fairly pungent. Used for: Primarily used for bittering in ales, stouts, barley wine. Substitutes: Galena"
    },
    {
        "modified": "2003-02-22",
        "name": "Northdown",
        "origin": "United Kingdom",
        "type": "both",
        "form": "pellet",
        "alpha": 0.085,
        "beta": 0.055,
        "hopStabilityIndex": 15,
        "dryHopTime": 0,
        "notes": "Variation of Northern Brewers hops grown in England. Used for: Bittering in English ales. Aroma: Good bittering, flavor and aroma. Substitutes: Northern Brewer"
    },
    {
        "modified": "2003-02-22",
        "name": "Northern Brewer",
        "origin": "Germany",
        "type": "both",
        "form": "pellet",
        "alpha": 0.085,
        "beta": 0.04,
        "hopStabilityIndex": 35,
        "dryHopTime": 0,
        "notes": "Also called Hallertauer Northern Brewers. Used for: Bittering and finishing both ales and lagers of all kinds. Aroma: Fine, dry, clean bittering hop. Unique flavor. Substitutes: Hallertauer Mittelfrueh, Hallertauer. Examples: Anchor Steam, Old Peculiar"
    },
    {
        "modified": "2011-03-04",
        "name": "Nugget",
        "origin": "USA",
        "type": "bitter",
        "form": "pellet",
        "alpha": 0.13,
        "beta": 0.05,
        "hopStabilityIndex": 24,
        "dryHopTime": 0,
        "notes": "Used for: Bittering hops for ales. Aroma: Strong bittering, heavy, herbal aroma, spicy. Substitutes: Chinook. Examples: Sierra Nevada Porter"
    },
    {
        "modified": "2011-03-04",
        "name": "Olympic",
        "origin": "USA",
        "type": "bitter",
        "form": "pellet",
        "alpha": 0.115,
        "beta": 0.055,
        "hopStabilityIndex": 30,
        "dryHopTime": 3,
        "notes": "Olympic is a high alpha hops released by Washington Agricultural Expt Station in 1983. Heritage is from Brewers Gold and Fuggles. Aroma: Spicy, citrus aroma. Substitutes: Brewers Gold"
    },
    {
        "modified": "2011-03-05",
        "name": "Opal",
        "origin": "Germany",
        "type": "aroma",
        "form": "pellet",
        "alpha": 0.065,
        "beta": 0.045,
        "hopStabilityIndex": 25,
        "dryHopTime": 3,
        "notes": "New variety from the hop research center in Hull. Used for: Aroma hops in continental styles. Aroma: High aroma hops with hints of spice and subtle citrus. Substitutes: Unknown"
    },
    {
        "modified": "2003-06-09",
        "name": "Orion",
        "origin": "Germany",
        "type": "both",
        "form": "pellet",
        "alpha": 0.0725,
        "beta": 0.037,
        "hopStabilityIndex": 17,
        "dryHopTime": 3,
        "notes": "Cross between Perle and an experimental variety. Used for: Bittering and aroma. Aroma: Pleasant, hoppy. Substitutes: Perle"
    },
    {
        "modified": "2003-06-09",
        "name": "Pacific Gem",
        "origin": "New Zealand",
        "type": "bitter",
        "form": "pellet",
        "alpha": 0.15,
        "beta": 0.082,
        "hopStabilityIndex": 10,
        "dryHopTime": 3,
        "notes": "High alpha smoothcone cross developed at DSIR in 1987. Used for: Bittering - produces a cask-oak woody flavor. Aroma: Pleasant - some blackberry aroma. Substitutes: Bullion"
    },
    {
        "modified": "2011-03-04",
        "name": "Pacific Jade",
        "origin": "New Zealand",
        "type": "bitter",
        "form": "pellet",
        "alpha": 0.13,
        "beta": 0.075,
        "hopStabilityIndex": 15,
        "dryHopTime": 3,
        "notes": "High alpha bittering hops that delivers a bold herbal infusion of fresh citrus with some black pepper flavor. Citrus aroma and flavor tempers ales and may be used as a finishing hops. Used for: Ales, lagers Substitutes: N/A"
    },
    {
        "modified": "2011-03-04",
        "name": "Pacifica",
        "origin": "New Zealand",
        "type": "aroma",
        "form": "pellet",
        "alpha": 0.055,
        "beta": 6,
        "hopStabilityIndex": 20,
        "dryHopTime": 3,
        "notes": "Aroma hop developed from Hallertauer Mittelfrueh in New Zealand (1994). Blend of old and new world taste including Orange marmalade and citrus aroma notes when used in late addition. Soft finish if used in bittering. Substitutes: Chinook, Hallertauer Mittelfrueh"
    },
    {
        "modified": "2011-03-04",
        "name": "Palisade",
        "origin": "USA",
        "type": "both",
        "form": "pellet",
        "alpha": 0.075,
        "beta": 0.07,
        "hopStabilityIndex": 15,
        "dryHopTime": 3,
        "notes": "Also called YCR-4, Palisade is an aroma variety bread by Yakima Chief Ranches. It has both aromatic and moderate bittering properties. Substitutes: Willamette"
    },
    {
        "modified": "2003-02-22",
        "name": "Perle",
        "origin": "Germany",
        "type": "bitter",
        "form": "pellet",
        "alpha": 0.08,
        "beta": 0.0475,
        "hopStabilityIndex": 15,
        "dryHopTime": 0,
        "notes": "Used for: General purpose bittering for US and German ales, lagers. Aroma: Slightly spicy, pleasant aroma, minty. Substitutes: Chinook, Galena, Northern Brewer. Examples: Sierra Nevada Pale Ale, Pale Bock"
    },
    {
        "modified": "2003-06-09",
        "name": "Phoenix",
        "origin": "United Kingdom",
        "type": "bitter",
        "form": "pellet",
        "alpha": 0.08,
        "beta": 0.046,
        "hopStabilityIndex": 10,
        "dryHopTime": 3,
        "notes": "Seedling derived from Wye Yoeman. Used for: Ales. Aroma: Similar to Wye Challenger hops. Substitutes: Challenger, East Kent Golding, Northdown"
    },
    {
        "modified": "2003-06-09",
        "name": "Pilgrim",
        "origin": "United Kingdom",
        "type": "bitter",
        "form": "pellet",
        "alpha": 0.115,
        "beta": 0.047,
        "hopStabilityIndex": 18,
        "dryHopTime": 3,
        "notes": "New variety from Wye College in 2001. High Selinene content. Used for: Bittering. Substitutes: N/A"
    },
    {
        "modified": "2011-03-04",
        "name": "Pilot",
        "origin": "United Kingdom",
        "type": "bitter",
        "form": "pellet",
        "alpha": 0.115,
        "beta": 0.03,
        "hopStabilityIndex": 25,
        "dryHopTime": 3,
        "notes": "A very new hops introduced in 2002 by Charles Faram & Co Ltd. Mild herbal flavor with lemon hints and fresh mowed grass flavor. Used for: Primarily for bittering in APAs. Rare."
    },
    {
        "modified": "2003-06-09",
        "name": "Pioneer",
        "origin": "United Kingdom",
        "type": "both",
        "form": "pellet",
        "alpha": 0.08,
        "beta": 0.0375,
        "hopStabilityIndex": 17,
        "dryHopTime": 3,
        "notes": "Bred from Wye Omega at Wye College in the UK. Used for: ESB, English Ales. Aroma: Mild English hop aroma. Substitutes: East Kent Goldings"
    },
    {
        "modified": "2011-03-05",
        "name": "Premiant",
        "origin": "Czech Republic",
        "type": "both",
        "form": "pellet",
        "alpha": 0.075,
        "beta": 0.045,
        "hopStabilityIndex": 25,
        "dryHopTime": 3,
        "notes": "A cross between Czech aroma and bittering varieties. Dual purpose though its aroma is not as strong as some other Czech hops. Use in beers where a moderate hoppy aroma is needed. Used for: Moderate ales, lagers Substitutes: Saaz"
    },
    {
        "modified": "2003-02-22",
        "name": "Pride of Ringwood",
        "origin": "Australia",
        "type": "bitter",
        "form": "pellet",
        "alpha": 0.08,
        "beta": 0.0575,
        "hopStabilityIndex": 45,
        "dryHopTime": 0,
        "notes": "Used for: General purpose bittering hops for Australian beers. Aroma: Moderate citric aroma, clean bittering flavor. Substitutes: Cluster, Galena"
    },
    {
        "modified": "2003-02-22",
        "name": "Progress",
        "origin": "United Kingdom",
        "type": "aroma",
        "form": "pellet",
        "alpha": 0.0625,
        "beta": 0.021,
        "hopStabilityIndex": 15,
        "dryHopTime": 0,
        "notes": "Used for: Bittering and aroma in English Ales. Aroma: Similar to Fuggles, aromatic, slightly sweet. Substitutes: Fuggles"
    },
    {
        "modified": "2011-03-04",
        "name": "Riwaka",
        "origin": "New Zealand",
        "type": "aroma",
        "form": "pellet",
        "alpha": 0.0525,
        "beta": 0.045,
        "hopStabilityIndex": 15,
        "dryHopTime": 3,
        "notes": "Formerly called B-Saaz, this was developed from old line Saazer hops in New Zealand. Used for: New world pale ale, regional pilsners. Aroma: Strong, hoppy. Some grapefruit and citrus character."
    },
    {
        "modified": "2003-02-22",
        "name": "Saaz",
        "origin": "Czech Republic",
        "type": "aroma",
        "form": "pellet",
        "alpha": 0.04,
        "beta": 0.035,
        "hopStabilityIndex": 42,
        "dryHopTime": 0,
        "notes": "Used for: Pilsners and Bohemian style lagers. Aroma: Delicate, mild, clean, somewhat floral -- Noble hops. Substitutes: Tettnanger, Lublin. Examples: Pulsner Urquell"
    },
    {
        "modified": "2003-06-09",
        "name": "Santiam",
        "origin": "USA",
        "type": "aroma",
        "form": "pellet",
        "alpha": 0.06,
        "beta": 0.07,
        "hopStabilityIndex": 35,
        "dryHopTime": 3,
        "notes": "Triploid aroma selection derived from Tettnang and Hallertauer (1997). Used for: Lager, U.S. Pale Ale, Pilsner. Substitutes: German Tettnang, Spalt, Spalt Select"
    },
    {
        "modified": "2011-03-04",
        "name": "Saphir",
        "origin": "Germany",
        "type": "aroma",
        "form": "pellet",
        "alpha": 0.035,
        "beta": 0.046,
        "hopStabilityIndex": 45,
        "dryHopTime": 3,
        "notes": "A new noble breed as an alternative to Hallertau Mittelfrueh in an attempt to make it more disease resistant and commercially viable. Similar in character to Hallertau varieties. Used for: Pilsners, lagers, Belgian whites. Substitutes: Hallertau Mittelfrueh"
    },
    {
        "modified": "2011-03-04",
        "name": "Satus",
        "origin": "USA",
        "type": "bitter",
        "form": "pellet",
        "alpha": 0.1325,
        "beta": 0.0875,
        "hopStabilityIndex": 33,
        "dryHopTime": 3,
        "notes": "High alpha bittering hops from Yakima that is similar to Galena. Of recent origin. Substitutes: Galena"
    },
    {
        "modified": "2011-03-04",
        "name": "Select Spalt",
        "origin": "Germany",
        "type": "aroma",
        "form": "pellet",
        "alpha": 0.0475,
        "beta": 0.035,
        "hopStabilityIndex": 17,
        "dryHopTime": 3,
        "notes": "Bred from Hallertauer Mittelfrueh and Spalt in Germany. Spalt character. Used for: Lager, Pilsner, Noble aroma hop substitute. Aroma: Very fine, spalt aroma. Substitutes: Spalter, Saaz, Tettnang"
    },
    {
        "modified": "2007-03-18",
        "name": "Simcoe",
        "origin": "USA",
        "type": "bitter",
        "form": "pellet",
        "alpha": 0.13,
        "beta": 0.045,
        "hopStabilityIndex": 18,
        "dryHopTime": 3,
        "notes": "High alpha bittering hops with good aroma characteristics. Used for: IPAs. Aroma: Citrus and pine-like aroma. Substitutes: N/A"
    },
    {
        "modified": "2011-03-05",
        "name": "Sladek",
        "origin": "Czech Republic",
        "type": "aroma",
        "form": "pellet",
        "alpha": 0.05,
        "beta": 0.075,
        "hopStabilityIndex": 25,
        "dryHopTime": 3,
        "notes": "Hybrid variety of Saaz origin with noble hoppy taste and aroma. Generally recommended for middle-hopping about 20 min before end of boil. Not a replacement for Saaz, but complimentary in Lagers. Used for: Lager Substitutes: Saaz"
    },
    {
        "modified": "2011-03-04",
        "name": "Sorachi Ace",
        "origin": "Japan",
        "type": "bitter",
        "form": "pellet",
        "alpha": 0.12,
        "beta": 6,
        "hopStabilityIndex": 25,
        "dryHopTime": 3,
        "notes": "Developed by Sapporo Breweries and used in their beers - has a Brewer's gold and Saaz heritage. Reported to be lemony in flavor and aroma. Used for: Saison, IPA or other beer where lemon/citrus is desirable. Substitutes: Admiral, Cascade"
    },
    {
        "modified": "2003-06-09",
        "name": "Southern Cross",
        "origin": "New Zealand",
        "type": "both",
        "form": "pellet",
        "alpha": 0.13,
        "beta": 0.062,
        "hopStabilityIndex": 15,
        "dryHopTime": 3,
        "notes": "Dual purpose with \"European\" flavor - from DSIR in 1994. Used for: European flavor bittering/aroma. Aroma: Spicy, lemony, slight pine and wood flavors. Substitutes: N/A"
    },
    {
        "modified": "2003-02-22",
        "name": "Spalter",
        "origin": "Germany",
        "type": "aroma",
        "form": "pellet",
        "alpha": 0.045,
        "beta": 0.04,
        "hopStabilityIndex": 50,
        "dryHopTime": 0,
        "notes": "Used for: Traditional German bittering and aroma hops, Altbiers, Lagers. Aroma: Mild, pleasant, slight spice. Substitutes: Saaz, Tettnang. Examples: Dusseldorf Altbiers"
    },
    {
        "modified": "2011-03-04",
        "name": "Sterling",
        "origin": "USA",
        "type": "both",
        "form": "pellet",
        "alpha": 0.075,
        "beta": 0.05,
        "hopStabilityIndex": 30,
        "dryHopTime": 3,
        "notes": "Flavor is a cross between Saaz and Mt Hood. Used for: Lagers, Ales, Pilsners. Aroma: Herbal, spicy, some floral and citrus hints. Substitutes: Saaz, Polish Lublin"
    },
    {
        "modified": "2003-06-09",
        "name": "Sticklebract",
        "origin": "New Zealand",
        "type": "both",
        "form": "pellet",
        "alpha": 0.135,
        "beta": 0.08,
        "hopStabilityIndex": 17,
        "dryHopTime": 3,
        "notes": "High alpha hops from DSIR research first released in 1972. Some of the same qualities as Northern Brewer. Used for: Dual purpose. Aroma: Pine-like with a hint of citrus. Substitutes: Northern Brewer"
    },
    {
        "modified": "2003-06-09",
        "name": "Strisslespalt",
        "origin": "France",
        "type": "aroma",
        "form": "pellet",
        "alpha": 0.04,
        "beta": 0.038,
        "hopStabilityIndex": 35,
        "dryHopTime": 3,
        "notes": "Aroma hops used widely in the Alsace area of France. Used for: Pilsner, lager, wheat. Aroma: Medium intensity, pleasant, hoppy. Substitutes: Mt Hood, Crystal, Hallertauer Hersbruck"
    },
    {
        "modified": "2003-02-22",
        "name": "Styrian Goldings",
        "origin": "Slovenia",
        "type": "aroma",
        "form": "pellet",
        "alpha": 0.054,
        "beta": 0.029,
        "hopStabilityIndex": 30,
        "dryHopTime": 0,
        "notes": "A seedless version of Fuggles grown in Slovenia. Used for: Bittering, finishing for a wide variety of European Beers. Popular in Europe and the United Kingdom. Aroma: Mild, soft, grassy, floral aroma. Similar to Fuggles. Substitutes: Fuggles, Williamette"
    },
    {
        "modified": "2011-03-04",
        "name": "Summit",
        "origin": "USA",
        "type": "bitter",
        "form": "pellet",
        "alpha": 0.17,
        "beta": 0.05,
        "hopStabilityIndex": 15,
        "dryHopTime": 3,
        "notes": "High alpha variety bred by American Dwarf Hop Assoc. Can be grown commercially on a low trellis. Aroma: Strong citrus, grapefruit notes. Substitutes: Warrior, Millenium, Columbus, Tomahawk, Zeus"
    },
    {
        "modified": "2003-06-09",
        "name": "Sun",
        "origin": "USA",
        "type": "bitter",
        "form": "pellet",
        "alpha": 0.14,
        "beta": 0.055,
        "hopStabilityIndex": 25,
        "dryHopTime": 3,
        "notes": "A very high alpha bittering hops from Yakima Valley, Washington. Used for: Bittering (intense). Aroma: Pleasant, hoppy. Substitutes: Other very high alpha US hops"
    },
    {
        "modified": "2003-06-09",
        "name": "Super Alpha",
        "origin": "New Zealand",
        "type": "bitter",
        "form": "pellet",
        "alpha": 0.13,
        "beta": 0.08,
        "hopStabilityIndex": 15,
        "dryHopTime": 3,
        "notes": "High alpha hops released in 1976 by DSIR. European in character - clean crisp flavor and resin aroma. Used for: European Styles, General purpose bittering. Aroma: Pleasant, resin like aroma. Substitutes: N/A"
    },
    {
        "modified": "2011-03-04",
        "name": "Super Galena",
        "origin": "USA",
        "type": "bitter",
        "form": "pellet",
        "alpha": 0.145,
        "beta": 0.09,
        "hopStabilityIndex": 20,
        "dryHopTime": 3,
        "notes": "Super high alpha hops from Hopsteiner breeding program released in 2006. High alpha and beta content - comparable to Galena in bitterness and aroma profile. Used for: Primarily for bitterness. Substitutes: Galena"
    },
    {
        "modified": "2011-03-04",
        "name": "Super Pride",
        "origin": "Australia",
        "type": "bitter",
        "form": "pellet",
        "alpha": 0.1425,
        "beta": 0.067,
        "hopStabilityIndex": 45,
        "dryHopTime": 3,
        "notes": "A high alpha variation of the Pride of Ringwood hop variety. Features mild aromas, higher alpha content and low cohumulone levels. Used for: Primarily for bittering. Substitutes: Pride of Ringwood"
    },
    {
        "modified": "2003-02-22",
        "name": "Target",
        "origin": "United Kingdom",
        "type": "bitter",
        "form": "pellet",
        "alpha": 0.11,
        "beta": 0.05,
        "hopStabilityIndex": 50,
        "dryHopTime": 0,
        "notes": "Used for: English ales and lagers. Aroma: Robust aroma and flavor. Substitutes: East Kent Goldings"
    },
    {
        "modified": "2003-02-22",
        "name": "Tettnang",
        "origin": "Germany",
        "type": "aroma",
        "form": "pellet",
        "alpha": 0.045,
        "beta": 0.035,
        "hopStabilityIndex": 40,
        "dryHopTime": 0,
        "notes": "Used for: German ales, lagers and wheat beer. Aroma: Noble, mild, fine, slightly spicy. Substitutes: Saaz, Spalt. Examples: Sam Adams Octoberfest, Anderson Valley ESB"
    },
    {
        "modified": "2011-03-04",
        "name": "Tillicum",
        "origin": "USA",
        "type": "bitter",
        "form": "pellet",
        "alpha": 0.1325,
        "beta": 0.099,
        "hopStabilityIndex": 20,
        "dryHopTime": 3,
        "notes": "High alpha and high beta hops developed though Haas breeding program and released in 1995. Daughter variety of Galena and related to Chelan - so similar to both. Substitutes: Galena, Chelan"
    },
    {
        "modified": "2011-03-04",
        "name": "Tomahawk",
        "origin": "USA",
        "type": "bitter",
        "form": "pellet",
        "alpha": 0.155,
        "beta": 0.045,
        "hopStabilityIndex": 48,
        "dryHopTime": 3,
        "notes": "Part of the Columbus/Tomahak/Zeus (CTZ) group of super high alpha hops. Together these make up 1/4 of US hop acreage. Used for: High alpha hops used primarily for commercial bittering. Substitutes: Tomahawk, Zeus, Nugget, Galena, Chinook"
    },
    {
        "modified": "2011-03-04",
        "name": "Topaz",
        "origin": "Australia",
        "type": "bitter",
        "form": "pellet",
        "alpha": 0.17,
        "beta": 0.065,
        "hopStabilityIndex": 30,
        "dryHopTime": 3,
        "notes": "Very high alpha hop variety from Australia. Used for commercial production primarily for its high alpha acid content and high bitterness."
    },
    {
        "modified": "2003-06-09",
        "name": "Tradition",
        "origin": "Germany",
        "type": "bitter",
        "form": "pellet",
        "alpha": 0.06,
        "beta": 0.045,
        "hopStabilityIndex": 10,
        "dryHopTime": 3,
        "notes": "Close descendant of Hallertauer Mittelfrueh bred for high yield. Used for: Lager, Pilsner, Bock, some Weizens. Aroma: Fine - similar to Hallertauer Mittelfrueh. Substitutes: Hallertauer Mittelfrueh, Liberty, Ultra"
    },
    {
        "modified": "2003-06-09",
        "name": "Ultra",
        "origin": "USA",
        "type": "aroma",
        "form": "pellet",
        "alpha": 0.03,
        "beta": 0.0375,
        "hopStabilityIndex": 27.5,
        "dryHopTime": 3,
        "notes": "Triploid seedling of the German Hallertauer Variety. Used for: Lager, Pilsner, wheat, finishing hops in ales. Aroma: Good to outstanding - some Saaz like qualities. Substitutes: Liberty, Hallertauer, Tradition, Saaz"
    },
    {
        "modified": "2003-06-09",
        "name": "Vanguard",
        "origin": "USA",
        "type": "aroma",
        "form": "pellet",
        "alpha": 0.055,
        "beta": 6,
        "hopStabilityIndex": 18,
        "dryHopTime": 3,
        "notes": "Diploid seedling made in 1982, released in 1997. Hallertau Mitterfrueh parentage. Used for: European lagers, ales. Aroma: Strong aromatic notes. Substitutes: Hallertauer Mittelfrueh"
    },
    {
        "modified": "2011-03-04",
        "name": "Victoria",
        "origin": "Australia",
        "type": "bitter",
        "form": "pellet",
        "alpha": 0.13,
        "beta": 0.0625,
        "hopStabilityIndex": 35,
        "dryHopTime": 3,
        "notes": "Hi alpha hops grown in Victoria, Australia. It was created in 1976 and entered commercial production in the 1990s. Used for: Primarily for bittering due to high alpha content."
    },
    {
        "modified": "2011-03-04",
        "name": "Warrior",
        "origin": "USA",
        "type": "both",
        "form": "pellet",
        "alpha": 0.15,
        "beta": 0.0475,
        "hopStabilityIndex": 24,
        "dryHopTime": 3,
        "notes": "High alpha hops from Yakima Chief Ranches. Also called YCR-5. Mild aroma and low cohumulone content - primarily for bittering. Used for: Ales, stouts. Aroma: Neutral, clean, mild. Substitutes: Nugget, Columbus, Magnum"
    },
    {
        "modified": "2003-06-09",
        "name": "Whitbread Golding Variety (WGV)",
        "origin": "United Kingdom",
        "type": "aroma",
        "form": "pellet",
        "alpha": 0.06,
        "beta": 0.025,
        "hopStabilityIndex": 35,
        "dryHopTime": 3,
        "notes": "Derived in England in 1911 from Bates Brewer. Some Golding characteristics, but lacking the full Goldings aroma. Used for: Ales. Aroma: Pleasant, hoppy, slightly intense. Substitutes: East Kent Goldings, Progress"
    },
    {
        "modified": "2011-03-04",
        "name": "Willamette",
        "origin": "USA",
        "type": "aroma",
        "form": "pellet",
        "alpha": 0.055,
        "beta": 0.035,
        "hopStabilityIndex": 40,
        "dryHopTime": 0,
        "notes": "Used for: Finishing American and British Ales. Aroma: Mild, grassy, floral, slightly spicy. Substitutes: Fuggles, East Kent Goldings. Examples: Sierra Nevada Porter, Ballard Bitter"
    },
    {
        "modified": "2003-06-09",
        "name": "Zeus",
        "origin": "USA",
        "type": "bitter",
        "form": "pellet",
        "alpha": 0.14,
        "beta": 0.05,
        "hopStabilityIndex": 45,
        "dryHopTime": 3,
        "notes": "Super high alpha bittering hops developed in the Yakima Valley, WA. Used for: Bittering, intense aroma. Aroma: Aromatic, pleasant. Substitutes: Other high alpha hops"
    }
]