[  
   {  
      "modified":"2003-02-22",
      "name":"Amylase Enzyme",
      "type":"other",
      "useFor":"Fermentation",
      "temperatureVolume":640,
      "unit":"l",
      "amount":0.002464460795,
      "volume":640,
      "useIn":"primary",
      "timeUnit":"d",
      "time":3,
      "notes":"Enhances fermentation and lowers final gravity by breaking down complex starches. Produces light bodied, high alcohol beers. Add when pitching yeast."
   },
   {  
      "modified":"2003-02-22",
      "name":"Anise, Star",
      "type":"spice",
      "useFor":"Licorice flavor",
      "temperatureVolume":640,
      "unit":"g",
      "amount":70.87380775,
      "volume":640,
      "useIn":"boil",
      "timeUnit":"min",
      "time":30,
      "notes":"Star Anise spice adds a strong black licorice flavor to holiday and specialty beers. Boil for 30 minutes to extract flavor."
   },
   {  
      "modified":"2003-02-22",
      "name":"Apricot Extract",
      "type":"flavor",
      "useFor":"Fruit Beer",
      "temperatureVolume":640,
      "unit":"g",
      "amount":184.27190015,
      "volume":640,
      "useIn":"bottling",
      "timeUnit":"min",
      "time":5,
      "notes":"Apricot flavor extract. Mix into beer just before bottling. Adds apricot flavor to light ales and wheat beers. Use low hop rate to allow sweet flavor through."
   },
   {  
      "modified":"2003-12-10",
      "name":"Ascorbic Acid",
      "type":"other",
      "useFor":"Preservative",
      "temperatureVolume":640,
      "unit":"g",
      "amount":28.3495231,
      "volume":640,
      "useIn":"bottling",
      "timeUnit":"min",
      "time":5,
      "notes":"This is Vitimin C. Adding at bottling time to wine and soda as a preservative. Not recommended for beer due to the off flavors it might add."
   },
   {  
      "modified":"2007-02-06",
      "name":"Baking Soda",
      "type":"waterAgent",
      "useFor":"Water Agent",
      "temperatureVolume":640,
      "unit":"g",
      "amount":1,
      "volume":640,
      "useIn":"mash",
      "timeUnit":"min",
      "time":60,
      "notes":"Baking Soda (NaHCO3) may be used as a water mineral to adjust brewing water for mashing."
   },
   {  
      "modified":"2003-02-22",
      "name":"Blackberry Extract",
      "type":"flavor",
      "useFor":"Fruit Beer",
      "temperatureVolume":640,
      "unit":"g",
      "amount":127.57285395,
      "volume":640,
      "useIn":"bottling",
      "timeUnit":"min",
      "time":5,
      "notes":"Blackberry extract flavoring. Mix into beer at bottling to add berry flavor to light ales and wheat beers. Use low hop rate to allow sweet flavor through."
   },
   {  
      "modified":"2003-02-23",
      "name":"Bottle Caps",
      "type":"other",
      "useFor":"Bottles",
      "temperatureVolume":640,
      "unit":"g",
      "amount":52,
      "volume":640,
      "useIn":"bottling",
      "timeUnit":"min",
      "time":1,
      "notes":"Useful for bottling -- keep your inventory here."
   },
   {  
      "modified":"2003-12-10",
      "name":"Burton Water Salts",
      "type":"waterAgent",
      "useFor":"Water Agent",
      "temperatureVolume":640,
      "unit":"g",
      "amount":14.17476155,
      "volume":640,
      "useIn":"mash",
      "timeUnit":"min",
      "time":60,
      "notes":"Also known as brewing salts, it is a mixture of Gypsum, Potassium Chloride and Epsom Salt. Used to harden water."
   },
   {  
      "modified":"2003-02-22",
      "name":"Calcium Chloride",
      "type":"waterAgent",
      "useFor":"Water Agent",
      "temperatureVolume":640,
      "unit":"g",
      "amount":5,
      "volume":640,
      "useIn":"mash",
      "timeUnit":"min",
      "time":60,
      "notes":"Alters water profile and pH of mash. Use the BeerSmith Water Profile tool to determine amount to add."
   },
   {  
      "modified":"2007-02-06",
      "name":"Chalk",
      "type":"waterAgent",
      "useFor":"Water Agent",
      "temperatureVolume":640,
      "unit":"g",
      "amount":1,
      "volume":640,
      "useIn":"mash",
      "timeUnit":"min",
      "time":60,
      "notes":"Chalk (CaCO3) can be used as a water addition to adjust mineral content for mashing."
   },
   {  
      "modified":"2003-02-22",
      "name":"Cherry Extract",
      "type":"flavor",
      "useFor":"Fruit Beer",
      "temperatureVolume":640,
      "unit":"g",
      "amount":99.22333085,
      "volume":640,
      "useIn":"bottling",
      "timeUnit":"min",
      "time":5,
      "notes":"Cherry extract flavoring. Mix into beer at bottling to add cherry flavor to light ales and wheat beers. Use low hop rate to allow sweet flavor through."
   },
   {  
      "modified":"2003-02-22",
      "name":"Cinnamon Stick",
      "type":"spice",
      "useFor":"Holiday Beer",
      "temperatureVolume":640,
      "unit":"g",
      "amount":2.8349523100000003,
      "volume":640,
      "useIn":"boil",
      "timeUnit":"min",
      "time":5,
      "notes":"Used to add cinnamon flavor to holiday beers. Goes well with ginger, honey and orange flavors. Add one stick 5 minutes from the end of the boil."
   },
   {  
      "modified":"2003-02-22",
      "name":"Clearfine",
      "type":"fining",
      "useFor":"Clarity",
      "temperatureVolume":640,
      "unit":"g",
      "amount":7.087380775,
      "volume":640,
      "useIn":"secondary",
      "timeUnit":"d",
      "time":1,
      "notes":"Commercial blend of animal collagen and polysaccarides that helps rapidly precipitate yeast and tannins. Mix with 2 oz cold water and add after fermentation has completed."
   },
   {  
      "modified":"2003-02-22",
      "name":"Coriander Seed",
      "type":"spice",
      "useFor":"Belgian Wit",
      "temperatureVolume":640,
      "unit":"g",
      "amount":21.262142325,
      "volume":640,
      "useIn":"boil",
      "timeUnit":"min",
      "time":5,
      "notes":"Used in Belgian Wit, Whites, and Holiday ales. Very good when used in light wheat ales. Often used with Bitter Orange Peel."
   },
   {  
      "modified":"2003-02-22",
      "name":"Cranberry Extract",
      "type":"flavor",
      "useFor":"Fruit Beer",
      "temperatureVolume":640,
      "unit":"g",
      "amount":99.22333085,
      "volume":640,
      "useIn":"bottling",
      "timeUnit":"min",
      "time":5,
      "notes":"Cranberry flavor extract. Add to beer just before bottling. Adds distinctive cranberry flavor to light ales and wheat beers. Use low hop rate to allow sweet flavor through."
   },
   {  
      "modified":"2003-02-22",
      "name":"Epsom Salt (MgSO4)",
      "type":"waterAgent",
      "useFor":"Water Agent",
      "temperatureVolume":640,
      "unit":"g",
      "amount":5,
      "volume":640,
      "useIn":"mash",
      "timeUnit":"min",
      "time":60,
      "notes":"Water agent used to modify water profile. Use the BeerSmith Water Profile tool to determine amount to add."
   },
   {  
      "modified":"2003-02-22",
      "name":"Gale, Sweet",
      "type":"spice",
      "useFor":"Holiday Beers",
      "temperatureVolume":640,
      "unit":"g",
      "amount":1,
      "volume":640,
      "useIn":"boil",
      "timeUnit":"min",
      "time":10,
      "notes":"Very strong, fragrant shrub. Great spice, though relatively unknown. Aroma used in soups, stews, and candles. Well suited for holiday beers. Use sparingly -- the aroma and flavor are VERY strong."
   },
   {  
      "modified":"2003-02-22",
      "name":"Gelatin",
      "type":"fining",
      "useFor":"Clarity",
      "temperatureVolume":640,
      "unit":"l",
      "amount":0.002464460795,
      "volume":640,
      "useIn":"secondary",
      "timeUnit":"h",
      "time":5,
      "notes":"Clear, unflavored gelatin can be purchased from your grocer. Aids in settling yeast. Prepare in 1 pint of water by heating gently until dissolved. Add before bottling. Do not boil."
   },
   {  
      "modified":"2003-02-22",
      "name":"Ginger Root",
      "type":"herb",
      "useFor":"Holiday Beer",
      "temperatureVolume":640,
      "unit":"g",
      "amount":28.3495231,
      "volume":640,
      "useIn":"boil",
      "timeUnit":"min",
      "time":12,
      "notes":"Adds distinctive ginger flavor for Ginger Ales, Holiday Beers. Fresh grated ginger root from the grocer is best. As little as 1/2 ounce per 5 gallons is noticable, but up to 4 oz can be used for ginger ales."
   },
   {  
      "modified":"2003-02-22",
      "name":"Gypsum (Calcium Sulfate)",
      "type":"waterAgent",
      "useFor":"Water Agent",
      "temperatureVolume":640,
      "unit":"g",
      "amount":10,
      "volume":640,
      "useIn":"mash",
      "timeUnit":"min",
      "time":60,
      "notes":"Reduces PH of water for mashing and sparging. Alters water profile -- used to harden soft water. Use the BeerSmith Water Profile tool to determine amount to add."
   },
   {  
      "modified":"2003-02-22",
      "name":"Heading Liquid",
      "type":"other",
      "useFor":"Head Retention",
      "temperatureVolume":640,
      "unit":"l",
      "amount":0.002464460795,
      "volume":640,
      "useIn":"bottling",
      "timeUnit":"min",
      "time":5,
      "notes":"Aids head formation and retention. Mix into beer before bottling."
   },
   {  
      "modified":"2003-02-22",
      "name":"Irish Moss",
      "type":"fining",
      "useFor":"Clarity",
      "temperatureVolume":640,
      "unit":"l",
      "amount":0.0012322303975,
      "volume":640,
      "useIn":"boil",
      "timeUnit":"min",
      "time":10,
      "notes":"Fining agent that aids in the post-boil protein break. Reduces protein chill haze and improves beer clarity."
   },
   {  
      "modified":"2003-02-22",
      "name":"Isinglass (Liquid)",
      "type":"fining",
      "useFor":"Clarity",
      "temperatureVolume":640,
      "unit":"l",
      "amount":0.014786764770000002,
      "volume":640,
      "useIn":"secondary",
      "timeUnit":"d",
      "time":7,
      "notes":"Keep liquid form refrigerated. Isinglass is widely used by commercial brewers to aid clarity, but is not as popular for home brewers due to stability. Aids in settling proteins, tannins and yeast."
   },
   {  
      "modified":"2003-02-22",
      "name":"Lactic Acid",
      "type":"waterAgent",
      "useFor":"Mash pH",
      "temperatureVolume":640,
      "unit":"l",
      "amount":0.00492892159,
      "volume":640,
      "useIn":"mash",
      "timeUnit":"min",
      "time":60,
      "notes":"Used to lower the pH of the mash without altering the water profile. Lower pH mashes generally improves head retention, increases extraction rate."
   },
   {  
      "modified":"2003-02-22",
      "name":"Malto-Dextrine",
      "type":"other",
      "useFor":"Adds Body",
      "temperatureVolume":640,
      "unit":"g",
      "amount":170.0971386,
      "volume":640,
      "useIn":"boil",
      "timeUnit":"min",
      "time":5,
      "notes":"Malt bases sugar that is less than 5% fermentable. Increases the body and mouth-feel of the beer and adds slight sweetness."
   },
   {  
      "modified":"2003-02-22",
      "name":"Oak Chips",
      "type":"flavor",
      "useFor":"Oak Flavor",
      "temperatureVolume":640,
      "unit":"g",
      "amount":113.3980924,
      "volume":640,
      "useIn":"secondary",
      "timeUnit":"d",
      "time":7,
      "notes":"Can be added to the secondary or keg during aging to simulate oak flavor. Boil first to sterilize and place in weighted bag so they do not float. Amounts vary with chip size and time - smaller chips impart more flavor."
   },
   {  
      "modified":"2003-02-22",
      "name":"Oak Essence (Liquid)",
      "type":"flavor",
      "useFor":"Oak Flavor",
      "temperatureVolume":640,
      "unit":"g",
      "amount":56.6990462,
      "volume":640,
      "useIn":"bottling",
      "timeUnit":"min",
      "time":5,
      "notes":"Adds Oak Aged flavor to English Ales, IPAs. Mix in prior to bottling. Amouts vary with concentration, so check label or add to taste."
   },
   {  
      "modified":"2003-02-22",
      "name":"Orange Peel, Bitter",
      "type":"spice",
      "useFor":"Belgian Wit",
      "temperatureVolume":640,
      "unit":"g",
      "amount":21.262142325,
      "volume":640,
      "useIn":"boil",
      "timeUnit":"min",
      "time":5,
      "notes":"Made from the Curaco Orange Peel, peels are green-gray in color. Used to add a distinctive flavor to Belgian Wits and White beers."
   },
   {  
      "modified":"2003-02-22",
      "name":"Orange Peel, Sweet",
      "type":"spice",
      "useFor":"Holiday Beers",
      "temperatureVolume":640,
      "unit":"g",
      "amount":21.262142325,
      "volume":640,
      "useIn":"boil",
      "timeUnit":"min",
      "time":5,
      "notes":"Adds a Conitreau or Grand Marnier flavor to your beer. Used primarily in Belgian Strong Ale and Holiday Ales to add a sweet orange flavor and aroma."
   },
   {  
      "modified":"2007-02-06",
      "name":"PH 5.2 Stabilizer",
      "type":"waterAgent",
      "useFor":"Water Agent",
      "temperatureVolume":640,
      "unit":"l",
      "amount":0.0147867648,
      "volume":640,
      "useIn":"mash",
      "timeUnit":"min",
      "time":60,
      "notes":"PH 5.2 Stabilizer by Five Star is a prioprietary mix of phosphate buffers used to lower the PH of your Mash to 5.2 for brewing."
   },
   {  
      "modified":"2003-02-22",
      "name":"Papain",
      "type":"fining",
      "useFor":"Chill Haze",
      "temperatureVolume":640,
      "unit":"g",
      "amount":0.5,
      "volume":640,
      "useIn":"secondary",
      "timeUnit":"d",
      "time":4,
      "notes":"An enzyme extracted from papaya. Helps reduce protein chill haze. Add 0.5 gram at end of secondary fermentation, allow several days for it to work. Available from herb and spice shops."
   },
   {  
      "modified":"2003-02-22",
      "name":"Polyclar",
      "type":"fining",
      "useFor":"Chill Haze",
      "temperatureVolume":640,
      "unit":"g",
      "amount":7.087380775,
      "volume":640,
      "useIn":"secondary",
      "timeUnit":"d",
      "time":1,
      "notes":"Plastic powder that reduces chill haze by removing tannins and proteins. Add to secondary after yeast has settled. Amounts vary by manufacturer -- check instructions before adding. Do not boil."
   },
   {  
      "modified":"2003-02-22",
      "name":"Raspberry Extract",
      "type":"flavor",
      "useFor":"Fruit Beer",
      "temperatureVolume":640,
      "unit":"g",
      "amount":184.27190015,
      "volume":640,
      "useIn":"bottling",
      "timeUnit":"min",
      "time":5,
      "notes":"Raspberry extract flavoring. Mix into beer at bottling to add berry flavor to light ales and wheat beers. Use low hop rate to allow sweet flavor through."
   },
   {  
      "modified":"2007-02-06",
      "name":"Salt",
      "type":"waterAgent",
      "useFor":"Water Agent",
      "temperatureVolume":640,
      "unit":"g",
      "amount":0.5,
      "volume":640,
      "useIn":"mash",
      "timeUnit":"min",
      "time":60,
      "notes":"Table Salt (NaCl) may be used as a water mineral to adjust brewing water for mashing."
   },
   {  
      "modified":"2003-06-15",
      "name":"Sassafras Root Bark",
      "type":"spice",
      "useFor":"Root Beer Flavor",
      "temperatureVolume":640,
      "unit":"g",
      "amount":28.3495231,
      "volume":640,
      "useIn":"boil",
      "timeUnit":"min",
      "time":60,
      "notes":"Bark is safe (do not use the tree or root - they may be toxic!). This is the original source of the flavor for root beer, and adds a great root beer flavor."
   },
   {  
      "modified":"2003-06-15",
      "name":"Seeds of Paradise",
      "type":"spice",
      "useFor":"Spiced Beer",
      "temperatureVolume":640,
      "unit":"g",
      "amount":2,
      "volume":640,
      "useIn":"boil",
      "timeUnit":"min",
      "time":5,
      "notes":"Also called Paradise Seeds or Grains of Paradise. Native to west Africa. Pepper zing with citrus notes, pine aroma."
   },
   {  
      "modified":"2003-02-22",
      "name":"Spruce Extract",
      "type":"flavor",
      "useFor":"Spruce Beer",
      "temperatureVolume":640,
      "unit":"l",
      "amount":0.00492892159,
      "volume":640,
      "useIn":"bottling",
      "timeUnit":"min",
      "time":5,
      "notes":"Spruce essence generates the flavor and smell of fresh spruce pine needles. Add in small increments and taste as it can be a rather strong flavoring."
   },
   {  
      "modified":"2003-06-15",
      "name":"Whirlfloc Tablet",
      "type":"fining",
      "useFor":"Clarity",
      "temperatureVolume":640,
      "unit":"g",
      "amount":1,
      "volume":640,
      "useIn":"boil",
      "timeUnit":"min",
      "time":15,
      "notes":"Aids in clearing yeast and chill haze. Easy to use tablet form."
   },
   {  
      "modified":"2003-02-22",
      "name":"Yeast Nutrient",
      "type":"other",
      "useFor":"Fermentation",
      "temperatureVolume":640,
      "unit":"l",
      "amount":0.00492892159,
      "volume":640,
      "useIn":"primary",
      "timeUnit":"d",
      "time":3,
      "notes":"Gives yeast nutrients for healthy fermentation. Not needed for most beers, but good for those with a high percentage of adjuncts. Add before yeast."
   },
   {  
      "modified":"2015-08-25",
      "name":"Coffe",
      "type":"flavor",
      "useFor":"Coffe flavor",
      "temperatureVolume":640,
      "unit":"l",
      "amount":0.1,
      "volume":640,
      "useIn":"boil",
      "timeUnit":"m",
      "time":5,
      "notes":""
   }
]